,Person ID,First name,Last name,Party,Constituency,URI
0,10001,Diane,Abbott,Labour,Hackney North and Stoke Newington,https://www.theyworkforyou.com/mp/10001/diane_abbott/hackney_north_and_stoke_newington
1,25034,Debbie,Abrahams,Labour,Oldham East and Saddleworth,https://www.theyworkforyou.com/mp/25034/debbie_abrahams/oldham_east_and_saddleworth
2,24878,Nigel,Adams,Conservative,Selby and Ainsty,https://www.theyworkforyou.com/mp/24878/nigel_adams/selby_and_ainsty
3,25661,Bim,Afolami,Conservative,Hitchin and Harpenden,https://www.theyworkforyou.com/mp/25661/bim_afolami/hitchin_and_harpenden
4,11929,Adam,Afriyie,Conservative,Windsor,https://www.theyworkforyou.com/mp/11929/adam_afriyie/windsor
5,25817,Nickie,Aiken,Conservative,Cities of London and Westminster,https://www.theyworkforyou.com/mp/25817/nickie_aiken/cities_of_london_and_westminster
6,24904,Peter,Aldous,Conservative,Waveney,https://www.theyworkforyou.com/mp/24904/peter_aldous/waveney
7,24958,Rushanara,Ali,Labour,Bethnal Green and Bow,https://www.theyworkforyou.com/mp/24958/rushanara_ali/bethnal_green_and_bow
8,25888,Tahir,Ali,Labour,"Birmingham, Hall Green",https://www.theyworkforyou.com/mp/25888/tahir_ali/birmingham%2C_hall_green
9,25337,Lucy,Allan,Conservative,Telford,https://www.theyworkforyou.com/mp/25337/lucy_allan/telford
10,25579,Rosena,Allin-Khan,Labour,Tooting,https://www.theyworkforyou.com/mp/25579/rosena_allin-khan/tooting
11,25702,Mike,Amesbury,Labour,Weaver Vale,https://www.theyworkforyou.com/mp/25702/mike_amesbury/weaver_vale
12,25813,Fleur,Anderson,Labour,Putney,https://www.theyworkforyou.com/mp/25813/fleur_anderson/putney
13,25894,Lee,Anderson,Conservative,Ashfield,https://www.theyworkforyou.com/mp/25894/lee_anderson/ashfield
14,25818,Stuart,Anderson,Conservative,Wolverhampton South West,https://www.theyworkforyou.com/mp/25818/stuart_anderson/wolverhampton_south_west
15,24864,Stuart,Andrew,Conservative,Pudsey,https://www.theyworkforyou.com/mp/24864/stuart_andrew/pudsey
16,25335,Caroline,Ansell,Conservative,Eastbourne,https://www.theyworkforyou.com/mp/25335/caroline_ansell/eastbourne
17,25634,Tonia,Antoniazzi,Labour,Gower,https://www.theyworkforyou.com/mp/25634/tonia_antoniazzi/gower
18,25396,Edward,Argar,Conservative,Charnwood,https://www.theyworkforyou.com/mp/25396/edward_argar/charnwood
19,25120,Jon,Ashworth,Labour,Leicester South,https://www.theyworkforyou.com/mp/25120/jon_ashworth/leicester_south
20,25810,Sarah,Atherton,Conservative,Wrexham,https://www.theyworkforyou.com/mp/25810/sarah_atherton/wrexham
21,25424,Victoria,Atkins,Conservative,Louth and Horncastle,https://www.theyworkforyou.com/mp/25424/victoria_atkins/louth_and_horncastle
22,25750,Gareth,Bacon,Conservative,Orpington,https://www.theyworkforyou.com/mp/25750/gareth_bacon/orpington
23,10707,Richard,Bacon,Conservative,South Norfolk,https://www.theyworkforyou.com/mp/10707/richard_bacon/south_norfolk
24,25693,Kemi,Badenoch,Conservative,Saffron Walden,https://www.theyworkforyou.com/mp/25693/kemi_badenoch/saffron_walden
25,25814,Shaun,Bailey,Conservative,West Bromwich West,https://www.theyworkforyou.com/mp/25814/shaun_bailey/west_bromwich_west
26,25838,Siobhan,Baillie,Conservative,Stroud,https://www.theyworkforyou.com/mp/25838/siobhan_baillie/stroud
27,25844,Duncan,Baker,Conservative,North Norfolk,https://www.theyworkforyou.com/mp/25844/duncan_baker/north_norfolk
28,24786,Steven,Baker,Conservative,Wycombe,https://www.theyworkforyou.com/mp/24786/steven_baker/wycombe
29,24785,Harriett,Baldwin,Conservative,West Worcestershire,https://www.theyworkforyou.com/mp/24785/harriett_baldwin/west_worcestershire
30,24916,Steve,Barclay,Conservative,North East Cambridgeshire,https://www.theyworkforyou.com/mp/24916/steve_barclay/north_east_cambridgeshire
31,25409,Hannah,Bardell,Scottish National Party,Livingston,https://www.theyworkforyou.com/mp/25409/hannah_bardell/livingston
32,25819,Paula,Barker,Labour,"Liverpool, Wavertree",https://www.theyworkforyou.com/mp/25819/paula_barker/liverpool%2C_wavertree
33,10715,John,Baron,Conservative,Basildon and Billericay,https://www.theyworkforyou.com/mp/10715/john_baron/basildon_and_billericay
34,25799,Simon,Baynes,Conservative,Clwyd South,https://www.theyworkforyou.com/mp/25799/simon_baynes/clwyd_south
35,10031,Margaret,Beckett,Labour,Derby South,https://www.theyworkforyou.com/mp/10031/margaret_beckett/derby_south
36,25726,Órfhlaith,Begley,Sinn Féin,West Tyrone,https://www.theyworkforyou.com/mp/25726/orfhlaith_begley/west_tyrone
37,25914,Apsana,Begum,Labour,Poplar and Limehouse,https://www.theyworkforyou.com/mp/25914/apsana_begum/poplar_and_limehouse
38,25916,Aaron,Bell,Conservative,Newcastle-under-Lyme,https://www.theyworkforyou.com/mp/25916/aaron_bell/newcastle-under-lyme
39,10669,Hilary,Benn,Labour,Leeds Central,https://www.theyworkforyou.com/mp/10669/hilary_benn/leeds_central
40,25800,Scott,Benton,Conservative,Blackpool South,https://www.theyworkforyou.com/mp/25800/scott_benton/blackpool_south
41,10041,Paul,Beresford,Conservative,Mole Valley,https://www.theyworkforyou.com/mp/10041/paul_beresford/mole_valley
42,24860,Jake,Berry,Conservative,Rossendale and Darwen,https://www.theyworkforyou.com/mp/24860/jake_berry/rossendale_and_darwen
43,10045,Clive,Betts,Labour,Sheffield South East,https://www.theyworkforyou.com/mp/10045/clive_betts/sheffield_south_east
44,25847,Saqib,Bhatti,Conservative,Meriden,https://www.theyworkforyou.com/mp/25847/saqib_bhatti/meriden
45,25269,Mhairi,Black,Scottish National Party,Paisley and Renfrewshire South,https://www.theyworkforyou.com/mp/25269/mhairi_black/paisley_and_renfrewshire_south
46,25361,Ian,Blackford,Scottish National Party,"Ross, Skye and Lochaber",https://www.theyworkforyou.com/mp/25361/ian_blackford/ross%2C_skye_and_lochaber
47,24945,Bob,Blackman,Conservative,Harrow East,https://www.theyworkforyou.com/mp/24945/bob_blackman/harrow_east
48,25314,Kirsty,Blackman,Scottish National Party,Aberdeen North,https://www.theyworkforyou.com/mp/25314/kirsty_blackman/aberdeen_north
49,25908,Olivia,Blake,Labour,"Sheffield, Hallam",https://www.theyworkforyou.com/mp/25908/olivia_blake/sheffield%2C_hallam
50,24943,Paul,Blomfield,Labour,Sheffield Central,https://www.theyworkforyou.com/mp/24943/paul_blomfield/sheffield_central
51,10051,Crispin,Blunt,Conservative,Reigate,https://www.theyworkforyou.com/mp/10051/crispin_blunt/reigate
52,11915,Peter,Bone,Conservative,Wellingborough,https://www.theyworkforyou.com/mp/11915/peter_bone/wellingborough
53,25861,Steven,Bonnar,Scottish National Party,"Coatbridge, Chryston and Bellshill",https://www.theyworkforyou.com/mp/25861/steven_bonnar/coatbridge%2C_chryston_and_bellshill
54,10057,Peter,Bottomley,Conservative,Worthing West,https://www.theyworkforyou.com/mp/10057/peter_bottomley/worthing_west
55,25703,Andrew,Bowie,Conservative,West Aberdeenshire and Kincardine,https://www.theyworkforyou.com/mp/25703/andrew_bowie/west_aberdeenshire_and_kincardine
56,25683,Ben,Bradley,Conservative,Mansfield,https://www.theyworkforyou.com/mp/25683/ben_bradley/mansfield
57,24725,Karen,Bradley,Conservative,Staffordshire Moorlands,https://www.theyworkforyou.com/mp/24725/karen_bradley/staffordshire_moorlands
58,10061,Ben,Bradshaw,Labour,Exeter,https://www.theyworkforyou.com/mp/10061/ben_bradshaw/exeter
59,10062,Graham,Brady,Conservative,Altrincham and Sale West,https://www.theyworkforyou.com/mp/10062/graham_brady/altrincham_and_sale_west
60,13893,Mickey,Brady,Sinn Féin,Newry and Armagh,https://www.theyworkforyou.com/mp/13893/mickey_brady/newry_and_armagh
61,25272,Suella,Braverman,Conservative,Fareham,https://www.theyworkforyou.com/mp/25272/suella_braverman/fareham
62,10753,Kevin,Brennan,Labour,Cardiff West,https://www.theyworkforyou.com/mp/10753/kevin_brennan/cardiff_west
63,25698,Jack,Brereton,Conservative,Stoke-on-Trent South,https://www.theyworkforyou.com/mp/25698/jack_brereton/stoke-on-trent_south
64,24741,Andrew,Bridgen,Conservative,North West Leicestershire,https://www.theyworkforyou.com/mp/24741/andrew_bridgen/north_west_leicestershire
65,24901,Steve,Brine,Conservative,Winchester,https://www.theyworkforyou.com/mp/24901/steve_brine/winchester
66,25795,Paul,Bristow,Conservative,Peterborough,https://www.theyworkforyou.com/mp/25795/paul_bristow/peterborough
67,25876,Sara,Britcliffe,Conservative,Hyndburn,https://www.theyworkforyou.com/mp/25876/sara_britcliffe/hyndburn
68,25336,Deidre,Brock,Scottish National Party,Edinburgh North and Leith,https://www.theyworkforyou.com/mp/25336/deidre_brock/edinburgh_north_and_leith
69,25268,Alan,Brown,Scottish National Party,Kilmarnock and Loudoun,https://www.theyworkforyou.com/mp/25268/alan_brown/kilmarnock_and_loudoun
70,11921,Lyn,Brown,Labour,West Ham,https://www.theyworkforyou.com/mp/11921/lyn_brown/west_ham
71,10069,Nick,Brown,Labour,Newcastle upon Tyne East,https://www.theyworkforyou.com/mp/10069/nick_brown/newcastle_upon_tyne_east
72,25850,Anthony,Browne,Conservative,South Cambridgeshire,https://www.theyworkforyou.com/mp/25850/anthony_browne/south_cambridgeshire
73,24857,Fiona,Bruce,Conservative,Congleton,https://www.theyworkforyou.com/mp/24857/fiona_bruce/congleton
74,10761,Chris,Bryant,Labour,Rhondda,https://www.theyworkforyou.com/mp/10761/chris_bryant/rhondda
75,25891,Felicity,Buchan,Conservative,Kensington,https://www.theyworkforyou.com/mp/25891/felicity_buchan/kensington
76,10075,Karen,Buck,Labour,Westminster North,https://www.theyworkforyou.com/mp/10075/karen_buck/westminster_north
77,24843,Robert,Buckland,Conservative,South Swindon,https://www.theyworkforyou.com/mp/24843/robert_buckland/south_swindon
78,25659,Alex,Burghart,Conservative,Brentwood and Ongar,https://www.theyworkforyou.com/mp/25659/alex_burghart/brentwood_and_ongar
79,25391,Richard,Burgon,Labour,Leeds East,https://www.theyworkforyou.com/mp/25391/richard_burgon/leeds_east
80,24780,Conor,Burns,Conservative,Bournemouth West,https://www.theyworkforyou.com/mp/24780/conor_burns/bournemouth_west
81,11447,Dawn,Butler,Labour,Brent Central,https://www.theyworkforyou.com/mp/11447/dawn_butler/brent_central
82,25895,Rob,Butler,Conservative,Aylesbury,https://www.theyworkforyou.com/mp/25895/rob_butler/aylesbury
83,25816,Ian,Byrne,Labour,"Liverpool, West Derby",https://www.theyworkforyou.com/mp/25816/ian_byrne/liverpool%2C_west_derby
84,11360,Liam,Byrne,Labour,"Birmingham, Hodge Hill",https://www.theyworkforyou.com/mp/11360/liam_byrne/birmingham%2C_hodge_hill
85,25343,Ruth,Cadbury,Labour,Brentford and Isleworth,https://www.theyworkforyou.com/mp/25343/ruth_cadbury/brentford_and_isleworth
86,24740,Alun,Cairns,Conservative,Vale of Glamorgan,https://www.theyworkforyou.com/mp/24740/alun_cairns/vale_of_glamorgan
87,25863,Amy,Callaghan,Scottish National Party,East Dunbartonshire,https://www.theyworkforyou.com/mp/25863/amy_callaghan/east_dunbartonshire
88,25276,Lisa,Cameron,Scottish National Party,"East Kilbride, Strathaven and Lesmahagow",https://www.theyworkforyou.com/mp/25276/lisa_cameron/east_kilbride%2C_strathaven_and_lesmahagow
89,10086,Alan,Campbell,Labour,Tynemouth,https://www.theyworkforyou.com/mp/10086/alan_campbell/tynemouth
90,10780,Gregory,Campbell,DUP,East Londonderry,https://www.theyworkforyou.com/mp/10780/gregory_campbell/east_londonderry
91,25642,Dan,Carden,Labour,"Liverpool, Walton",https://www.theyworkforyou.com/mp/25642/dan_carden/liverpool%2C_walton
92,10785,Alistair,Carmichael,Liberal Democrat,Orkney and Shetland,https://www.theyworkforyou.com/mp/10785/alistair_carmichael/orkney_and_shetland
93,25884,Andy,Carter,Conservative,Warrington South,https://www.theyworkforyou.com/mp/25884/andy_carter/warrington_south
94,25414,James,Cartlidge,Conservative,South Suffolk,https://www.theyworkforyou.com/mp/25414/james_cartlidge/south_suffolk
95,10095,Bill,Cash,Conservative,Stone,https://www.theyworkforyou.com/mp/10095/bill_cash/stone
96,25897,Miriam,Cates,Conservative,Penistone and Stocksbridge,https://www.theyworkforyou.com/mp/25897/miriam_cates/penistone_and_stocksbridge
97,25397,Maria,Caulfield,Conservative,Lewes,https://www.theyworkforyou.com/mp/25397/maria_caulfield/lewes
98,25340,Alex,Chalk,Conservative,Cheltenham,https://www.theyworkforyou.com/mp/25340/alex_chalk/cheltenham
99,25872,Wendy,Chamberlain,Liberal Democrat,North East Fife,https://www.theyworkforyou.com/mp/25872/wendy_chamberlain/north_east_fife
100,25168,Sarah,Champion,Labour,Rotherham,https://www.theyworkforyou.com/mp/25168/sarah_champion/rotherham
101,25305,Douglas,Chapman,Scottish National Party,Dunfermline and West Fife,https://www.theyworkforyou.com/mp/25305/douglas_chapman/dunfermline_and_west_fife
102,25676,Bambos,Charalambous,Labour,"Enfield, Southgate",https://www.theyworkforyou.com/mp/25676/bambos_charalambous/enfield%2C_southgate
103,25404,Joanna,Cherry,Scottish National Party,Edinburgh South West,https://www.theyworkforyou.com/mp/25404/joanna_cherry/edinburgh_south_west
104,24920,Rehman,Chishti,Conservative,Gillingham and Rainham,https://www.theyworkforyou.com/mp/24920/rehman_chishti/gillingham_and_rainham
105,10103,Christopher,Chope,Conservative,Christchurch,https://www.theyworkforyou.com/mp/10103/christopher_chope/christchurch
106,25408,Jo,Churchill,Conservative,Bury St Edmunds,https://www.theyworkforyou.com/mp/25408/jo_churchill/bury_st_edmunds
107,25896,Feryal,Clark,Labour,Enfield North,https://www.theyworkforyou.com/mp/25896/feryal_clark/enfield_north
108,11884,Greg,Clark,Conservative,Tunbridge Wells,https://www.theyworkforyou.com/mp/11884/greg_clark/tunbridge_wells
109,25657,Simon,Clarke,Conservative,Middlesbrough South and East Cleveland,https://www.theyworkforyou.com/mp/25657/simon_clarke/middlesbrough_south_and_east_cleveland
110,25900,Theo,Clarke,Conservative,Stafford,https://www.theyworkforyou.com/mp/25900/theo_clarke/stafford
111,25862,Brendan,Clarke-Smith,Conservative,Bassetlaw,https://www.theyworkforyou.com/mp/25862/brendan_clarke-smith/bassetlaw
112,25825,Chris,Clarkson,Conservative,Heywood and Middleton,https://www.theyworkforyou.com/mp/25825/chris_clarkson/heywood_and_middleton
113,25376,James,Cleverly,Conservative,Braintree,https://www.theyworkforyou.com/mp/25376/james_cleverly/braintree
114,10119,Geoffrey,Clifton-Brown,Conservative,The Cotswolds,https://www.theyworkforyou.com/mp/10119/geoffrey_clifton-brown/the_cotswolds
115,24771,Therese,Coffey,Conservative,Suffolk Coastal,https://www.theyworkforyou.com/mp/24771/therese_coffey/suffolk_coastal
116,25907,Elliot,Colburn,Conservative,Carshalton and Wallington,https://www.theyworkforyou.com/mp/25907/elliot_colburn/carshalton_and_wallington
117,24744,Damian,Collins,Conservative,Folkestone and Hythe,https://www.theyworkforyou.com/mp/24744/damian_collins/folkestone_and_hythe
118,25901,Daisy,Cooper,Liberal Democrat,St Albans,https://www.theyworkforyou.com/mp/25901/daisy_cooper/st_albans
119,10131,Yvette,Cooper,Labour,"Normanton, Pontefract and Castleford",https://www.theyworkforyou.com/mp/10131/yvette_cooper/normanton%2C_pontefract_and_castleford
120,10133,Jeremy,Corbyn,Independent,Islington North,https://www.theyworkforyou.com/mp/10133/jeremy_corbyn/islington_north
121,25413,Alberto,Costa,Conservative,South Leicestershire,https://www.theyworkforyou.com/mp/25413/alberto_costa/south_leicestershire
122,25593,Robert,Courts,Conservative,Witney,https://www.theyworkforyou.com/mp/25593/robert_courts/witney
123,25890,Claire,Coutinho,Conservative,East Surrey,https://www.theyworkforyou.com/mp/25890/claire_coutinho/east_surrey
124,25288,Ronnie,Cowan,Scottish National Party,Inverclyde,https://www.theyworkforyou.com/mp/25288/ronnie_cowan/inverclyde
125,11541,Geoffrey,Cox,Conservative,Torridge and West Devon,https://www.theyworkforyou.com/mp/11541/geoffrey_cox/torridge_and_west_devon
126,25326,Neil,Coyle,Labour,Bermondsey and Old Southwark,https://www.theyworkforyou.com/mp/25326/neil_coyle/bermondsey_and_old_southwark
127,11768,Stephen,Crabb,Conservative,Preseli Pembrokeshire,https://www.theyworkforyou.com/mp/11768/stephen_crabb/preseli_pembrokeshire
128,25295,Angela,Crawley,Scottish National Party,Lanark and Hamilton East,https://www.theyworkforyou.com/mp/25295/angela_crawley/lanark_and_hamilton_east
129,24949,Stella,Creasy,Labour/Co-operative,Walthamstow,https://www.theyworkforyou.com/mp/24949/stella_creasy/walthamstow
130,25843,Virginia,Crosbie,Conservative,Ynys Môn,https://www.theyworkforyou.com/mp/25843/virginia_crosbie/ynys_mon
131,24871,Tracey,Crouch,Conservative,Chatham and Aylesford,https://www.theyworkforyou.com/mp/24871/tracey_crouch/chatham_and_aylesford
132,10828,Jon,Cruddas,Labour,Dagenham and Rainham,https://www.theyworkforyou.com/mp/10828/jon_cruddas/dagenham_and_rainham
133,10143,John,Cryer,Labour,Leyton and Wanstead,https://www.theyworkforyou.com/mp/10143/john_cryer/leyton_and_wanstead
134,25393,Judith,Cummins,Labour,Bradford South,https://www.theyworkforyou.com/mp/25393/judith_cummins/bradford_south
135,24742,Alex,Cunningham,Labour,Stockton North,https://www.theyworkforyou.com/mp/24742/alex_cunningham/stockton_north
136,25727,Janet,Daby,Labour,Lewisham East,https://www.theyworkforyou.com/mp/25727/janet_daby/lewisham_east
137,25905,James,Daly,Conservative,Bury North,https://www.theyworkforyou.com/mp/25905/james_daly/bury_north
138,10155,Edward,Davey,Liberal Democrat,Kingston and Surbiton,https://www.theyworkforyou.com/mp/10155/edward_davey/kingston_and_surbiton
139,10842,Wayne,David,Labour,Caerphilly,https://www.theyworkforyou.com/mp/10842/wayne_david/caerphilly
140,11719,David,Davies,Conservative,Monmouth,https://www.theyworkforyou.com/mp/11719/david_davies/monmouth
141,25858,Gareth,Davies,Conservative,Grantham and Stamford,https://www.theyworkforyou.com/mp/25858/gareth_davies/grantham_and_stamford
142,10159,Geraint,Davies,Labour,Swansea West,https://www.theyworkforyou.com/mp/10159/geraint_davies/swansea_west
143,25292,James,Davies,Conservative,Vale of Clwyd,https://www.theyworkforyou.com/mp/25292/james_davies/vale_of_clwyd
144,25330,Mims,Davies,Conservative,Mid Sussex,https://www.theyworkforyou.com/mp/25330/mims_davies/mid_sussex
145,11816,Philip,Davies,Conservative,Shipley,https://www.theyworkforyou.com/mp/11816/philip_davies/shipley
146,25824,Alex,Davies-Jones,Labour,Pontypridd,https://www.theyworkforyou.com/mp/25824/alex_davies-jones/pontypridd
147,10162,David,Davis,Conservative,Haltemprice and Howden,https://www.theyworkforyou.com/mp/10162/david_davis/haltemprice_and_howden
148,25815,Dehenna,Davison,Conservative,Bishop Auckland,https://www.theyworkforyou.com/mp/25815/dehenna_davison/bishop_auckland
149,25307,Martyn,Day,Scottish National Party,Linlithgow and East Falkirk,https://www.theyworkforyou.com/mp/25307/martyn_day/linlithgow_and_east_falkirk
150,25620,Marsha,de Cordova,Labour,Battersea,https://www.theyworkforyou.com/mp/25620/marsha_de_cordova/battersea
151,25402,Thangam,Debbonaire,Labour,Bristol West,https://www.theyworkforyou.com/mp/25402/thangam_debbonaire/bristol_west
152,25695,Tan,Dhesi,Labour,Slough,https://www.theyworkforyou.com/mp/25695/tan_dhesi/slough
153,24873,Caroline,Dinenage,Conservative,Gosport,https://www.theyworkforyou.com/mp/24873/caroline_dinenage/gosport
154,25877,Sarah,Dines,Conservative,Derbyshire Dales,https://www.theyworkforyou.com/mp/25877/sarah_dines/derbyshire_dales
155,26118,Samantha,Dixon,Labour,City of Chester,https://www.theyworkforyou.com/mp/26118/samantha_dixon/city_of_chester
156,10854,Jonathan,Djanogly,Conservative,Huntingdon,https://www.theyworkforyou.com/mp/10854/jonathan_djanogly/huntingdon
157,25628,Leo,Docherty,Conservative,Aldershot,https://www.theyworkforyou.com/mp/25628/leo_docherty/aldershot
158,25275,Martin,Docherty,Scottish National Party,West Dunbartonshire,https://www.theyworkforyou.com/mp/25275/martin_docherty/west_dunbartonshire
159,25618,Anneliese,Dodds,Labour/Co-operative,Oxford East,https://www.theyworkforyou.com/mp/25618/anneliese_dodds/oxford_east
160,10172,Jeffrey M.,Donaldson,DUP,Lagan Valley,https://www.theyworkforyou.com/mp/10172/jeffrey_m._donaldson/lagan_valley
161,25316,Michelle,Donelan,Conservative,Chippenham,https://www.theyworkforyou.com/mp/25316/michelle_donelan/chippenham
162,25796,Dave,Doogan,Scottish National Party,Angus,https://www.theyworkforyou.com/mp/25796/dave_doogan/angus
163,25870,Allan,Dorans,Scottish National Party,"Ayr, Carrick and Cumnock",https://www.theyworkforyou.com/mp/25870/allan_dorans/ayr%2C_carrick_and_cumnock
164,11397,Nadine,Dorries,Conservative,Mid Bedfordshire,https://www.theyworkforyou.com/mp/11397/nadine_dorries/mid_bedfordshire
165,25410,Steve,Double,Conservative,St Austell and Newquay,https://www.theyworkforyou.com/mp/25410/steve_double/st_austell_and_newquay
166,25166,Stephen,Doughty,Labour/Co-operative,Cardiff South and Penarth,https://www.theyworkforyou.com/mp/25166/stephen_doughty/cardiff_south_and_penarth
167,25309,Peter,Dowd,Labour,Bootle,https://www.theyworkforyou.com/mp/25309/peter_dowd/bootle
168,25323,Oliver,Dowden,Conservative,Hertsmere,https://www.theyworkforyou.com/mp/25323/oliver_dowden/hertsmere
169,24957,Jackie,Doyle-Price,Conservative,Thurrock,https://www.theyworkforyou.com/mp/24957/jackie_doyle-price/thurrock
170,24903,Richard,Drax,Conservative,South Dorset,https://www.theyworkforyou.com/mp/24903/richard_drax/south_dorset
171,25392,Flick,Drummond,Conservative,Meon Valley,https://www.theyworkforyou.com/mp/25392/flick_drummond/meon_valley
172,11785,James,Duddridge,Conservative,Rochford and Southend East,https://www.theyworkforyou.com/mp/11785/james_duddridge/rochford_and_southend_east
173,25656,Rosie,Duffield,Labour,Canterbury,https://www.theyworkforyou.com/mp/25656/rosie_duffield/canterbury
174,25664,David,Duguid,Conservative,Banff and Buchan,https://www.theyworkforyou.com/mp/25664/david_duguid/banff_and_buchan
175,10180,Iain,Duncan Smith,Conservative,Chingford and Woodford Green,https://www.theyworkforyou.com/mp/10180/iain_duncan_smith/chingford_and_woodford_green
176,11696,Philip,Dunne,Conservative,Ludlow,https://www.theyworkforyou.com/mp/11696/philip_dunne/ludlow
177,10182,Angela,Eagle,Labour,Wallasey,https://www.theyworkforyou.com/mp/10182/angela_eagle/wallasey
178,10183,Maria,Eagle,Labour,Garston and Halewood,https://www.theyworkforyou.com/mp/10183/maria_eagle/garston_and_halewood
179,25130,Colum,Eastwood,Social Democratic and Labour Party,Foyle,https://www.theyworkforyou.com/mp/25130/colum_eastwood/foyle
180,25923,Mark,Eastwood,Conservative,Dewsbury,https://www.theyworkforyou.com/mp/25923/mark_eastwood/dewsbury
181,24743,Jonathan,Edwards,Independent,Carmarthen East and Dinefwr,https://www.theyworkforyou.com/mp/24743/jonathan_edwards/carmarthen_east_and_dinefwr
182,25854,Ruth,Edwards,Conservative,Rushcliffe,https://www.theyworkforyou.com/mp/25854/ruth_edwards/rushcliffe
183,10185,Clive,Efford,Labour,Eltham,https://www.theyworkforyou.com/mp/10185/clive_efford/eltham
184,24710,Julie,Elliott,Labour,Sunderland Central,https://www.theyworkforyou.com/mp/24710/julie_elliott/sunderland_central
185,24866,Michael,Ellis,Conservative,Northampton North,https://www.theyworkforyou.com/mp/24866/michael_ellis/northampton_north
186,11437,Tobias,Ellwood,Conservative,Bournemouth East,https://www.theyworkforyou.com/mp/11437/tobias_ellwood/bournemouth_east
187,25490,Chris,Elmore,Labour,Ogmore,https://www.theyworkforyou.com/mp/25490/chris_elmore/ogmore
188,25831,Natalie,Elphicke,Conservative,Dover,https://www.theyworkforyou.com/mp/25831/natalie_elphicke/dover
189,25759,Florence,Eshalomi,Labour/Co-operative,Vauxhall,https://www.theyworkforyou.com/mp/25759/florence_eshalomi/vauxhall
190,24905,Bill,Esterson,Labour,Sefton Central,https://www.theyworkforyou.com/mp/24905/bill_esterson/sefton_central
191,24933,George,Eustice,Conservative,Camborne and Redruth,https://www.theyworkforyou.com/mp/24933/george_eustice/camborne_and_redruth
192,24721,Chris,Evans,Labour/Co-operative,Islwyn,https://www.theyworkforyou.com/mp/24721/chris_evans/islwyn
193,25805,Luke,Evans,Conservative,Bosworth,https://www.theyworkforyou.com/mp/25805/luke_evans/bosworth
194,10190,Nigel,Evans,Conservative,Ribble Valley,https://www.theyworkforyou.com/mp/10190/nigel_evans/ribble_valley
195,11408,David,Evennett,Conservative,Bexleyheath and Crayford,https://www.theyworkforyou.com/mp/11408/david_evennett/bexleyheath_and_crayford
196,25910,Ben,Everitt,Conservative,Milton Keynes North,https://www.theyworkforyou.com/mp/25910/ben_everitt/milton_keynes_north
197,10193,Michael,Fabricant,Conservative,Lichfield,https://www.theyworkforyou.com/mp/10193/michael_fabricant/lichfield
198,25835,Laura,Farris,Conservative,Newbury,https://www.theyworkforyou.com/mp/25835/laura_farris/newbury
199,11923,Tim,Farron,Liberal Democrat,Westmorland and Lonsdale,https://www.theyworkforyou.com/mp/11923/tim_farron/westmorland_and_lonsdale
200,13899,Stephen,Farry,Alliance,North Down,https://www.theyworkforyou.com/mp/13899/stephen_farry/north_down
201,25869,Simon,Fell,Conservative,Barrow and Furness,https://www.theyworkforyou.com/mp/25869/simon_fell/barrow_and_furness
202,25277,Marion,Fellows,Scottish National Party,Motherwell and Wishaw,https://www.theyworkforyou.com/mp/25277/marion_fellows/motherwell_and_wishaw
203,25287,Margaret,Ferrier,Independent,Rutherglen and Hamilton West,https://www.theyworkforyou.com/mp/25287/margaret_ferrier/rutherglen_and_hamilton_west
204,25821,John,Finucane,Sinn Féin,Belfast North,https://www.theyworkforyou.com/mp/25821/john_finucane/belfast_north
205,26059,Anna,Firth,Conservative,Southend West,https://www.theyworkforyou.com/mp/26059/anna_firth/southend_west
206,25319,Colleen,Fletcher,Labour,Coventry North East,https://www.theyworkforyou.com/mp/25319/colleen_fletcher/coventry_north_east
207,25830,Katherine,Fletcher,Conservative,South Ribble,https://www.theyworkforyou.com/mp/25830/katherine_fletcher/south_ribble
208,25903,Mark,Fletcher,Conservative,Bolsover,https://www.theyworkforyou.com/mp/25903/mark_fletcher/bolsover
209,25859,Nicholas,Fletcher,Conservative,Don Valley,https://www.theyworkforyou.com/mp/25859/nicholas_fletcher/don_valley
210,25867,Stephen,Flynn,Scottish National Party,Aberdeen South,https://www.theyworkforyou.com/mp/25867/stephen_flynn/aberdeen_south
211,26086,Richard,Foord,Liberal Democrat,Tiverton and Honiton,https://www.theyworkforyou.com/mp/26086/richard_foord/tiverton_and_honiton
212,25614,Vicky,Ford,Conservative,Chelmsford,https://www.theyworkforyou.com/mp/25614/vicky_ford/chelmsford
213,25338,Kevin,Foster,Conservative,Torbay,https://www.theyworkforyou.com/mp/25338/kevin_foster/torbay
214,24805,Yvonne,Fovargue,Labour,Makerfield,https://www.theyworkforyou.com/mp/24805/yvonne_fovargue/makerfield
215,10213,Liam,Fox,Conservative,North Somerset,https://www.theyworkforyou.com/mp/10213/liam_fox/north_somerset
216,25380,Vicky,Foxcroft,Labour,"Lewisham, Deptford",https://www.theyworkforyou.com/mp/25380/vicky_foxcroft/lewisham%2C_deptford
217,25833,Mary,Foy,Labour,City of Durham,https://www.theyworkforyou.com/mp/25833/mary_foy/city_of_durham
218,10901,Mark,Francois,Conservative,Rayleigh and Wickford,https://www.theyworkforyou.com/mp/10901/mark_francois/rayleigh_and_wickford
219,25399,Lucy,Frazer,Conservative,South East Cambridgeshire,https://www.theyworkforyou.com/mp/25399/lucy_frazer/south_east_cambridgeshire
220,24817,George,Freeman,Conservative,Mid Norfolk,https://www.theyworkforyou.com/mp/24817/george_freeman/mid_norfolk
221,24934,Mike,Freer,Conservative,Finchley and Golders Green,https://www.theyworkforyou.com/mp/24934/mike_freer/finchley_and_golders_green
222,26055,Louie,French,Conservative,Old Bexley and Sidcup,https://www.theyworkforyou.com/mp/26055/louie_french/old_bexley_and_sidcup
223,24787,Richard,Fuller,Conservative,North East Bedfordshire,https://www.theyworkforyou.com/mp/24787/richard_fuller/north_east_bedfordshire
224,25489,Gill,Furniss,Labour,"Sheffield, Brightside and Hillsborough",https://www.theyworkforyou.com/mp/25489/gill_furniss/sheffield%2C_brightside_and_hillsborough
225,25384,Marcus,Fysh,Conservative,Yeovil,https://www.theyworkforyou.com/mp/25384/marcus_fysh/yeovil
226,10217,Roger,Gale,Conservative,North Thanet,https://www.theyworkforyou.com/mp/10217/roger_gale/north_thanet
227,10220,Barry,Gardiner,Labour,Brent North,https://www.theyworkforyou.com/mp/10220/barry_gardiner/brent_north
228,24824,Mark,Garnier,Conservative,Wyre Forest,https://www.theyworkforyou.com/mp/24824/mark_garnier/wyre_forest
229,25354,Nusrat,Ghani,Conservative,Wealden,https://www.theyworkforyou.com/mp/25354/nusrat_ghani/wealden
230,10225,Nick,Gibb,Conservative,Bognor Regis and Littlehampton,https://www.theyworkforyou.com/mp/10225/nick_gibb/bognor_regis_and_littlehampton
231,25300,Patricia,Gibson,Scottish National Party,North Ayrshire and Arran,https://www.theyworkforyou.com/mp/25300/patricia_gibson/north_ayrshire_and_arran
232,25793,Peter,Gibson,Conservative,Darlington,https://www.theyworkforyou.com/mp/25793/peter_gibson/darlington
233,25882,Jo,Gideon,Conservative,Stoke-on-Trent Central,https://www.theyworkforyou.com/mp/25882/jo_gideon/stoke-on-trent_central
234,10913,Michelle,Gildernew,Sinn Féin,Fermanagh and South Tyrone,https://www.theyworkforyou.com/mp/10913/michelle_gildernew/fermanagh_and_south_tyrone
235,25666,Preet Kaur,Gill,Labour/Co-operative,"Birmingham, Edgbaston",https://www.theyworkforyou.com/mp/25666/preet_kaur_gill/birmingham%2C_edgbaston
236,25629,Paul,Girvan,DUP,South Antrim,https://www.theyworkforyou.com/mp/25629/paul_girvan/south_antrim
237,24839,John,Glen,Conservative,Salisbury,https://www.theyworkforyou.com/mp/24839/john_glen/salisbury
238,24927,Mary,Glindon,Labour,North Tyneside,https://www.theyworkforyou.com/mp/24927/mary_glindon/north_tyneside
239,11804,Robert,Goodwill,Conservative,Scarborough and Whitby,https://www.theyworkforyou.com/mp/11804/robert_goodwill/scarborough_and_whitby
240,11858,Michael,Gove,Conservative,Surrey Heath,https://www.theyworkforyou.com/mp/11858/michael_gove/surrey_heath
241,25299,Patrick,Grady,Scottish National Party,Glasgow North,https://www.theyworkforyou.com/mp/25299/patrick_grady/glasgow_north
242,24921,Richard,Graham,Conservative,Gloucester,https://www.theyworkforyou.com/mp/24921/richard_graham/gloucester
243,24796,Helen,Grant,Conservative,Maidstone and The Weald,https://www.theyworkforyou.com/mp/24796/helen_grant/maidstone_and_the_weald
244,25273,Peter,Grant,Scottish National Party,Glenrothes,https://www.theyworkforyou.com/mp/25273/peter_grant/glenrothes
245,10240,James,Gray,Conservative,North Wiltshire,https://www.theyworkforyou.com/mp/10240/james_gray/north_wiltshire
246,10920,Chris,Grayling,Conservative,Epsom and Ewell,https://www.theyworkforyou.com/mp/10920/chris_grayling/epsom_and_ewell
247,25359,Chris,Green,Conservative,Bolton West,https://www.theyworkforyou.com/mp/25359/chris_green/bolton_west
248,10241,Damian,Green,Conservative,Ashford,https://www.theyworkforyou.com/mp/10241/damian_green/ashford
249,26034,Sarah,Green,Liberal Democrat,Chesham and Amersham,https://www.theyworkforyou.com/mp/26034/sarah_green/chesham_and_amersham
250,24774,Lilian,Greenwood,Labour,Nottingham South,https://www.theyworkforyou.com/mp/24774/lilian_greenwood/nottingham_south
251,25349,Margaret,Greenwood,Labour,Wirral West,https://www.theyworkforyou.com/mp/25349/margaret_greenwood/wirral_west
252,25927,Andrew,Griffith,Conservative,Arundel and South Downs,https://www.theyworkforyou.com/mp/25927/andrew_griffith/arundel_and_south_downs
253,11692,Nia,Griffith,Labour,Llanelli,https://www.theyworkforyou.com/mp/11692/nia_griffith/llanelli
254,25812,James,Grundy,Conservative,Leigh,https://www.theyworkforyou.com/mp/25812/james_grundy/leigh
255,25898,Jonathan,Gullis,Conservative,Stoke-on-Trent North,https://www.theyworkforyou.com/mp/25898/jonathan_gullis/stoke-on-trent_north
256,11531,Andrew,Gwynne,Labour,Denton and Reddish,https://www.theyworkforyou.com/mp/11531/andrew_gwynne/denton_and_reddish
257,25357,Louise,Haigh,Labour,"Sheffield, Heeley",https://www.theyworkforyou.com/mp/25357/louise_haigh/sheffield%2C_heeley
258,24784,Robert,Halfon,Conservative,Harlow,https://www.theyworkforyou.com/mp/24784/robert_halfon/harlow
259,25373,Luke,Hall,Conservative,Thornbury and Yate,https://www.theyworkforyou.com/mp/25373/luke_hall/thornbury_and_yate
260,10256,Fabian,Hamilton,Labour,Leeds North East,https://www.theyworkforyou.com/mp/10256/fabian_hamilton/leeds_north_east
261,26061,Paulette,Hamilton,Labour,"Birmingham, Erdington",https://www.theyworkforyou.com/mp/26061/paulette_hamilton/birmingham%2C_erdington
262,11927,Stephen,Hammond,Conservative,Wimbledon,https://www.theyworkforyou.com/mp/11927/stephen_hammond/wimbledon
263,24773,Matthew,Hancock,Conservative,West Suffolk,https://www.theyworkforyou.com/mp/24773/matthew_hancock/west_suffolk
264,11610,Greg,Hands,Conservative,Chelsea and Fulham,https://www.theyworkforyou.com/mp/11610/greg_hands/chelsea_and_fulham
265,25447,Claire,Hanna,Social Democratic and Labour Party,Belfast South,https://www.theyworkforyou.com/mp/25447/claire_hanna/belfast_south
266,25873,Neale,Hanvey,Alba,Kirkcaldy and Cowdenbeath,https://www.theyworkforyou.com/mp/25873/neale_hanvey/kirkcaldy_and_cowdenbeath
267,25646,Emma,Hardy,Labour,Kingston upon Hull West and Hessle,https://www.theyworkforyou.com/mp/25646/emma_hardy/kingston_upon_hull_west_and_hessle
268,10260,Harriet,Harman,Labour,Camberwell and Peckham,https://www.theyworkforyou.com/mp/10260/harriet_harman/camberwell_and_peckham
269,11588,Mark,Harper,Conservative,Forest of Dean,https://www.theyworkforyou.com/mp/11588/mark_harper/forest_of_dean
270,25308,Carolyn,Harris,Labour,Swansea East,https://www.theyworkforyou.com/mp/25308/carolyn_harris/swansea_east
271,24731,Rebecca,Harris,Conservative,Castle Point,https://www.theyworkforyou.com/mp/24731/rebecca_harris/castle_point
272,25600,Trudy,Harrison,Conservative,Copeland,https://www.theyworkforyou.com/mp/25600/trudy_harrison/copeland
273,25902,Sally-Ann,Hart,Conservative,Hastings and Rye,https://www.theyworkforyou.com/mp/25902/sally-ann_hart/hastings_and_rye
274,24813,Simon,Hart,Conservative,Carmarthen West and South Pembrokeshire,https://www.theyworkforyou.com/mp/24813/simon_hart/carmarthen_west_and_south_pembrokeshire
275,25310,Helen,Hayes,Labour,Dulwich and West Norwood,https://www.theyworkforyou.com/mp/25310/helen_hayes/dulwich_and_west_norwood
276,10265,John,Hayes,Conservative,South Holland and The Deepings,https://www.theyworkforyou.com/mp/10265/john_hayes/south_holland_and_the_deepings
277,25154,Christopher,Hazzard,Sinn Féin,South Down,https://www.theyworkforyou.com/mp/25154/christopher_hazzard/south_down
278,10267,Oliver,Heald,Conservative,North East Hertfordshire,https://www.theyworkforyou.com/mp/10267/oliver_heald/north_east_hertfordshire
279,10268,John,Healey,Labour,Wentworth and Dearne,https://www.theyworkforyou.com/mp/10268/john_healey/wentworth_and_dearne
280,25438,James,Heappey,Conservative,Wells,https://www.theyworkforyou.com/mp/25438/james_heappey/wells
281,24841,Chris,Heaton-Harris,Conservative,Daventry,https://www.theyworkforyou.com/mp/24841/chris_heaton-harris/daventry
282,24828,Gordon,Henderson,Conservative,Sittingbourne and Sheppey,https://www.theyworkforyou.com/mp/24828/gordon_henderson/sittingbourne_and_sheppey
283,10682,Mark,Hendrick,Labour/Co-operative,Preston,https://www.theyworkforyou.com/mp/10682/mark_hendrick/preston
284,25382,Drew,Hendry,Scottish National Party,"Inverness, Nairn, Badenoch and Strathspey",https://www.theyworkforyou.com/mp/25382/drew_hendry/inverness%2C_nairn%2C_badenoch_and_strathspey
285,25871,Darren,Henry,Conservative,Broxtowe,https://www.theyworkforyou.com/mp/25871/darren_henry/broxtowe
286,25842,Antony,Higginbotham,Conservative,Burnley,https://www.theyworkforyou.com/mp/25842/antony_higginbotham/burnley
287,11605,Meg,Hillier,Labour/Co-operative,Hackney South and Shoreditch,https://www.theyworkforyou.com/mp/11605/meg_hillier/hackney_south_and_shoreditch
288,24782,Damian,Hinds,Conservative,East Hampshire,https://www.theyworkforyou.com/mp/24782/damian_hinds/east_hampshire
289,25427,Simon,Hoare,Conservative,North Dorset,https://www.theyworkforyou.com/mp/25427/simon_hoare/north_dorset
290,25648,Wera,Hobhouse,Liberal Democrat,Bath,https://www.theyworkforyou.com/mp/25648/wera_hobhouse/bath
291,10281,Margaret,Hodge,Labour,Barking,https://www.theyworkforyou.com/mp/10281/margaret_hodge/barking
292,11592,Sharon,Hodgson,Labour,Washington and Sunderland West,https://www.theyworkforyou.com/mp/11592/sharon_hodgson/washington_and_sunderland_west
293,25893,Richard,Holden,Conservative,North West Durham,https://www.theyworkforyou.com/mp/25893/richard_holden/north_west_durham
294,25298,Kate,Hollern,Labour,Blackburn,https://www.theyworkforyou.com/mp/25298/kate_hollern/blackburn
295,25415,Kevin,Hollinrake,Conservative,Thirsk and Malton,https://www.theyworkforyou.com/mp/25415/kevin_hollinrake/thirsk_and_malton
296,11661,Philip,Hollobone,Conservative,Kettering,https://www.theyworkforyou.com/mp/11661/philip_hollobone/kettering
297,11599,Adam,Holloway,Conservative,Gravesham,https://www.theyworkforyou.com/mp/11599/adam_holloway/gravesham
298,25808,Paul,Holmes,Conservative,Eastleigh,https://www.theyworkforyou.com/mp/25808/paul_holmes/eastleigh
299,25809,Rachel,Hopkins,Labour,Luton South,https://www.theyworkforyou.com/mp/25809/rachel_hopkins/luton_south
300,11973,Stewart,Hosie,Scottish National Party,Dundee East,https://www.theyworkforyou.com/mp/11973/stewart_hosie/dundee_east
301,10292,George,Howarth,Labour,Knowsley,https://www.theyworkforyou.com/mp/10292/george_howarth/knowsley
302,14131,John,Howell,Conservative,Henley,https://www.theyworkforyou.com/mp/14131/john_howell/henley
303,25855,Paul,Howell,Conservative,Sedgefield,https://www.theyworkforyou.com/mp/25855/paul_howell/sedgefield
304,10295,Lindsay,Hoyle,Speaker,Chorley,https://www.theyworkforyou.com/mp/10295/lindsay_hoyle/chorley
305,25381,Nigel,Huddleston,Conservative,Mid Worcestershire,https://www.theyworkforyou.com/mp/25381/nigel_huddleston/mid_worcestershire
306,25875,Neil,Hudson,Conservative,Penrith and The Border,https://www.theyworkforyou.com/mp/25875/neil_hudson/penrith_and_the_border
307,25699,Eddie,Hughes,Conservative,Walsall North,https://www.theyworkforyou.com/mp/25699/eddie_hughes/walsall_north
308,25921,Jane,Hunt,Conservative,Loughborough,https://www.theyworkforyou.com/mp/25921/jane_hunt/loughborough
309,11859,Jeremy,Hunt,Conservative,South West Surrey,https://www.theyworkforyou.com/mp/11859/jeremy_hunt/south_west_surrey
310,25811,Tom,Hunt,Conservative,Ipswich,https://www.theyworkforyou.com/mp/25811/tom_hunt/ipswich
311,25284,Rupa,Huq,Labour,Ealing Central and Acton,https://www.theyworkforyou.com/mp/25284/rupa_huq/ealing_central_and_acton
312,25375,Imran,Hussain,Labour,Bradford East,https://www.theyworkforyou.com/mp/25375/imran_hussain/bradford_east
313,25674,Alister,Jack,Conservative,Dumfries and Galloway,https://www.theyworkforyou.com/mp/25674/alister_jack/dumfries_and_galloway
314,25675,Christine,Jardine,Liberal Democrat,Edinburgh West,https://www.theyworkforyou.com/mp/25675/christine_jardine/edinburgh_west
315,25067,Dan,Jarvis,Labour,Barnsley Central,https://www.theyworkforyou.com/mp/25067/dan_jarvis/barnsley_central
316,24854,Sajid,Javid,Conservative,Bromsgrove,https://www.theyworkforyou.com/mp/24854/sajid_javid/bromsgrove
317,25419,Ranil,Jayawardena,Conservative,North East Hampshire,https://www.theyworkforyou.com/mp/25419/ranil_jayawardena/north_east_hampshire
318,10312,Bernard,Jenkin,Conservative,Harwich and North Essex,https://www.theyworkforyou.com/mp/10312/bernard_jenkin/harwich_and_north_essex
319,25792,Mark,Jenkinson,Conservative,Workington,https://www.theyworkforyou.com/mp/25792/mark_jenkinson/workington
320,25431,Andrea,Jenkyns,Conservative,Morley and Outwood,https://www.theyworkforyou.com/mp/25431/andrea_jenkyns/morley_and_outwood
321,25227,Robert,Jenrick,Conservative,Newark,https://www.theyworkforyou.com/mp/25227/robert_jenrick/newark
322,10999,Boris,Johnson,Conservative,Uxbridge and South Ruislip,https://www.theyworkforyou.com/mp/10999/boris_johnson/uxbridge_and_south_ruislip
323,25597,Caroline,Johnson,Conservative,Sleaford and North Hykeham,https://www.theyworkforyou.com/mp/25597/dr_caroline_johnson/sleaford_and_north_hykeham
324,11647,Diana R.,Johnson,Labour,Kingston upon Hull North,https://www.theyworkforyou.com/mp/11647/diana_r._johnson/kingston_upon_hull_north
325,24803,Gareth,Johnson,Conservative,Dartford,https://www.theyworkforyou.com/mp/24803/gareth_johnson/dartford
326,25803,Kim,Johnson,Labour,"Liverpool, Riverside",https://www.theyworkforyou.com/mp/25803/kim_johnson/liverpool%2C_riverside
327,25924,David,Johnston,Conservative,Wantage,https://www.theyworkforyou.com/mp/25924/david_johnston/wantage
328,24758,Andrew,Jones,Conservative,Harrogate and Knaresborough,https://www.theyworkforyou.com/mp/24758/andrew_jones/harrogate_and_knaresborough
329,25637,Darren,Jones,Labour,Bristol North West,https://www.theyworkforyou.com/mp/25637/darren_jones/bristol_north_west
330,11506,David,Jones,Conservative,Clwyd West,https://www.theyworkforyou.com/mp/11506/david_jones/clwyd_west
331,25881,Fay,Jones,Conservative,Brecon and Radnorshire,https://www.theyworkforyou.com/mp/25881/fay_jones/brecon_and_radnorshire
332,25289,Gerald,Jones,Labour,Merthyr Tydfil and Rhymney,https://www.theyworkforyou.com/mp/25289/gerald_jones/merthyr_tydfil_and_rhymney
333,11003,Kevan,Jones,Labour,North Durham,https://www.theyworkforyou.com/mp/11003/kevan_jones/north_durham
334,24745,Marcus,Jones,Conservative,Nuneaton,https://www.theyworkforyou.com/mp/24745/marcus_jones/nuneaton
335,25746,Ruth,Jones,Labour,Newport West,https://www.theyworkforyou.com/mp/25746/ruth_jones/newport_west
336,25673,Sarah,Jones,Labour,Croydon Central,https://www.theyworkforyou.com/mp/25673/sarah_jones/croydon_central
337,25911,Simon,Jupp,Conservative,East Devon,https://www.theyworkforyou.com/mp/25911/simon_jupp/east_devon
338,25220,Mike,Kane,Labour,Wythenshawe and Sale East,https://www.theyworkforyou.com/mp/25220/mike_kane/wythenshawe_and_sale_east
339,11817,Daniel,Kawczynski,Conservative,Shrewsbury and Atcham,https://www.theyworkforyou.com/mp/11817/daniel_kawczynski/shrewsbury_and_atcham
340,25906,Alicia,Kearns,Conservative,Rutland and Melton,https://www.theyworkforyou.com/mp/25906/alicia_kearns/rutland_and_melton
341,25670,Gillian,Keegan,Conservative,Chichester,https://www.theyworkforyou.com/mp/25670/gillian_keegan/chichester
342,11943,Barbara,Keeley,Labour,Worsley and Eccles South,https://www.theyworkforyou.com/mp/11943/barbara_keeley/worsley_and_eccles_south
343,24816,Liz,Kendall,Labour,Leicester West,https://www.theyworkforyou.com/mp/24816/liz_kendall/leicester_west
344,25662,Afzal,Khan,Labour,"Manchester, Gorton",https://www.theyworkforyou.com/mp/25662/afzal_khan/manchester%2C_gorton
345,25297,Stephen,Kinnock,Labour,Aberavon,https://www.theyworkforyou.com/mp/25297/stephen_kinnock/aberavon
346,11026,Greg,Knight,Conservative,East Yorkshire,https://www.theyworkforyou.com/mp/11026/greg_knight/east_yorkshire
347,25388,Julian,Knight,Conservative,Solihull,https://www.theyworkforyou.com/mp/25388/julian_knight/solihull
348,25839,Kate,Kniveton,Conservative,Burton,https://www.theyworkforyou.com/mp/25839/kate_kniveton/burton
349,25913,Danny,Kruger,Conservative,Devizes,https://www.theyworkforyou.com/mp/25913/danny_kruger/devizes
350,24770,Kwasi,Kwarteng,Conservative,Spelthorne,https://www.theyworkforyou.com/mp/24770/kwasi_kwarteng/spelthorne
351,25418,Peter,Kyle,Labour,Hove,https://www.theyworkforyou.com/mp/25418/peter_kyle/hove
352,10348,Eleanor,Laing,Conservative,Epping Forest,https://www.theyworkforyou.com/mp/10348/eleanor_laing/epping_forest
353,25669,Ben,Lake,Plaid Cymru,Ceredigion,https://www.theyworkforyou.com/mp/25669/ben_lake/ceredigion
354,10678,David,Lammy,Labour,Tottenham,https://www.theyworkforyou.com/mp/10678/david_lammy/tottenham
355,14026,John,Lamont,Conservative,"Berwickshire, Roxburgh and Selkirk",https://www.theyworkforyou.com/mp/14026/john_lamont/berwickshire%2C_roxburgh_and_selkirk
356,25841,Robert,Largan,Conservative,High Peak,https://www.theyworkforyou.com/mp/25841/robert_largan/high_peak
357,24821,Pauline,Latham,Conservative,Mid Derbyshire,https://www.theyworkforyou.com/mp/24821/pauline_latham/mid_derbyshire
358,24963,Ian,Lavery,Labour,Wansbeck,https://www.theyworkforyou.com/mp/24963/ian_lavery/wansbeck
359,25270,Chris,Law,Scottish National Party,Dundee West,https://www.theyworkforyou.com/mp/25270/chris_law/dundee_west
360,26040,Kim,Leadbeater,Labour,Batley and Spen,https://www.theyworkforyou.com/mp/26040/kim_leadbeater/batley_and_spen
361,24829,Andrea,Leadsom,Conservative,South Northamptonshire,https://www.theyworkforyou.com/mp/24829/andrea_leadsom/south_northamptonshire
362,10352,Edward,Leigh,Conservative,Gainsborough,https://www.theyworkforyou.com/mp/10352/edward_leigh/gainsborough
363,25791,Ian,Levy,Conservative,Blyth Valley,https://www.theyworkforyou.com/mp/25791/ian_levy/blyth_valley
364,25181,Emma,Lewell-Buck,Labour,South Shields,https://www.theyworkforyou.com/mp/25181/emma_lewell-buck/south_shields
365,25686,Andrew,Lewer,Conservative,Northampton South,https://www.theyworkforyou.com/mp/25686/andrew_lewer/northampton_south
366,24879,Brandon,Lewis,Conservative,Great Yarmouth,https://www.theyworkforyou.com/mp/24879/brandon_lewis/great_yarmouth
367,25356,Clive,Lewis,Labour,Norwich South,https://www.theyworkforyou.com/mp/25356/clive_lewis/norwich_south
368,10358,Julian,Lewis,Conservative,New Forest East,https://www.theyworkforyou.com/mp/10358/julian_lewis/new_forest_east
369,11048,Ian,Liddell-Grainger,Conservative,Bridgwater and West Somerset,https://www.theyworkforyou.com/mp/11048/ian_liddell-grainger/bridgwater_and_west_somerset
370,26085,Simon,Lightwood,Labour,Wakefield,https://www.theyworkforyou.com/mp/26085/simon_lightwood/wakefield
371,25677,David,Linden,Scottish National Party,Glasgow East,https://www.theyworkforyou.com/mp/25677/david_linden/glasgow_east
372,10367,Tony,Lloyd,Labour,Rochdale,https://www.theyworkforyou.com/mp/10367/tony_lloyd/rochdale
373,25562,Carla,Lockhart,DUP,Upper Bann,https://www.theyworkforyou.com/mp/25562/carla_lockhart/upper_bann
374,25918,Chris,Loder,Conservative,West Dorset,https://www.theyworkforyou.com/mp/25918/chris_loder/west_dorset
375,25886,Mark,Logan,Conservative,Bolton North East,https://www.theyworkforyou.com/mp/25886/mark_logan/bolton_north_east
376,25368,Rebecca,Long-Bailey,Labour,Salford and Eccles,https://www.theyworkforyou.com/mp/25368/rebecca_long-bailey/salford_and_eccles
377,25917,Marco,Longhi,Conservative,Dudley North,https://www.theyworkforyou.com/mp/25917/marco_longhi/dudley_north
378,25652,Julia,Lopez,Conservative,Hornchurch and Upminster,https://www.theyworkforyou.com/mp/25652/julia_lopez/hornchurch_and_upminster
379,24716,Jack,Lopresti,Conservative,Filton and Bradley Stoke,https://www.theyworkforyou.com/mp/24716/jack_lopresti/filton_and_bradley_stoke
380,24884,Jonathan,Lord,Conservative,Woking,https://www.theyworkforyou.com/mp/24884/jonathan_lord/woking
381,10371,Tim,Loughton,Conservative,East Worthing and Shoreham,https://www.theyworkforyou.com/mp/10371/tim_loughton/east_worthing_and_shoreham
382,24910,Caroline,Lucas,Green,"Brighton, Pavilion",https://www.theyworkforyou.com/mp/24910/caroline_lucas/brighton%2C_pavilion
383,25434,Holly,Lynch,Labour,Halifax,https://www.theyworkforyou.com/mp/25434/holly_lynch/halifax
384,14031,Kenny,MacAskill,Alba,East Lothian,https://www.theyworkforyou.com/mp/14031/kenny_macaskill/east_lothian
385,25437,Craig,Mackinlay,Conservative,South Thanet,https://www.theyworkforyou.com/mp/25437/craig_mackinlay/south_thanet
386,25802,Cherilyn,Mackrory,Conservative,Truro and Falmouth,https://www.theyworkforyou.com/mp/25802/cherilyn_mackrory/truro_and_falmouth
387,25692,Rachel,Maclean,Conservative,Redditch,https://www.theyworkforyou.com/mp/25692/rachel_maclean/redditch
388,12004,Angus,MacNeil,Scottish National Party,Na h-Eileanan an Iar,https://www.theyworkforyou.com/mp/12004/angus_macneil/na_h-eileanan_an_iar
389,25378,Justin,Madders,Labour,Ellesmere Port and Neston,https://www.theyworkforyou.com/mp/25378/justin_madders/ellesmere_port_and_neston
390,11087,Khalid,Mahmood,Labour,"Birmingham, Perry Barr",https://www.theyworkforyou.com/mp/11087/khalid_mahmood/birmingham%2C_perry_barr
391,24788,Shabana,Mahmood,Labour,"Birmingham, Ladywood",https://www.theyworkforyou.com/mp/24788/shabana_mahmood/birmingham%2C_ladywood
392,25285,Alan,Mak,Conservative,Havant,https://www.theyworkforyou.com/mp/25285/alan_mak/havant
393,25150,Seema,Malhotra,Labour/Co-operative,Feltham and Heston,https://www.theyworkforyou.com/mp/25150/seema_malhotra/feltham_and_heston
394,25346,Kit,Malthouse,Conservative,North West Hampshire,https://www.theyworkforyou.com/mp/25346/kit_malthouse/north_west_hampshire
395,25868,Anthony,Mangnall,Conservative,Totnes,https://www.theyworkforyou.com/mp/25868/anthony_mangnall/totnes
396,25383,Scott,Mann,Conservative,North Cornwall,https://www.theyworkforyou.com/mp/25383/scott_mann/north_cornwall
397,25879,Julie,Marson,Conservative,Hertford and Stortford,https://www.theyworkforyou.com/mp/25879/julie_marson/hertford_and_stortford
398,25433,Rachael,Maskell,Labour/Co-operative,York Central,https://www.theyworkforyou.com/mp/25433/rachael_maskell/york_central
399,13904,Paul,Maskey,Sinn Féin,Belfast West,https://www.theyworkforyou.com/mp/13904/paul_maskey/belfast_west
400,10426,Theresa,May,Conservative,Maidenhead,https://www.theyworkforyou.com/mp/10426/theresa_may/maidenhead
401,25904,Jerome,Mayhew,Conservative,Broadland,https://www.theyworkforyou.com/mp/25904/jerome_mayhew/broadland
402,24764,Paul,Maynard,Conservative,Blackpool North and Cleveleys,https://www.theyworkforyou.com/mp/24764/paul_maynard/blackpool_north_and_cleveleys
403,10377,Steve,McCabe,Labour,"Birmingham, Selly Oak",https://www.theyworkforyou.com/mp/10377/steve_mccabe/birmingham%2C_selly_oak
404,11455,Kerry,McCarthy,Labour,Bristol East,https://www.theyworkforyou.com/mp/11455/kerry_mccarthy/bristol_east
405,24887,Jason,McCartney,Conservative,Colne Valley,https://www.theyworkforyou.com/mp/24887/jason_mccartney/colne_valley
406,24790,Karl,McCartney,Conservative,Lincoln,https://www.theyworkforyou.com/mp/24790/karl_mccartney/lincoln
407,10381,Siobhain,McDonagh,Labour,Mitcham and Morden,https://www.theyworkforyou.com/mp/10381/siobhain_mcdonagh/mitcham_and_morden
408,25169,Andy,McDonald,Labour,Middlesbrough,https://www.theyworkforyou.com/mp/25169/andy_mcdonald/middlesbrough
409,25322,Stewart,McDonald,Scottish National Party,Glasgow South,https://www.theyworkforyou.com/mp/25322/stewart_mcdonald/glasgow_south
410,25301,Stuart,McDonald,Scottish National Party,"Cumbernauld, Kilsyth and Kirkintilloch East",https://www.theyworkforyou.com/mp/25301/stuart_mcdonald/cumbernauld%2C_kilsyth_and_kirkintilloch_east
411,10383,John Martin,McDonnell,Labour,Hayes and Harlington,https://www.theyworkforyou.com/mp/10383/john_martin_mcdonnell/hayes_and_harlington
412,11936,Pat,McFadden,Labour,Wolverhampton South East,https://www.theyworkforyou.com/mp/11936/pat_mcfadden/wolverhampton_south_east
413,25423,Conor,McGinn,Labour,St Helens North,https://www.theyworkforyou.com/mp/25423/conor_mcginn/st_helens_north
414,24897,Alison,McGovern,Labour,Wirral South,https://www.theyworkforyou.com/mp/24897/alison_mcgovern/wirral_south
415,24818,Catherine,McKinnell,Labour,Newcastle upon Tyne North,https://www.theyworkforyou.com/mp/24818/catherine_mckinnell/newcastle_upon_tyne_north
416,14146,Anne,McLaughlin,Scottish National Party,Glasgow North East,https://www.theyworkforyou.com/mp/14146/anne_mclaughlin/glasgow_north_east
417,25475,Jim,McMahon,Labour/Co-operative,Oldham West and Royton,https://www.theyworkforyou.com/mp/25475/jim_mcmahon/oldham_west_and_royton
418,25647,Anna,McMorrin,Labour,Cardiff North,https://www.theyworkforyou.com/mp/25647/anna_mcmorrin/cardiff_north
419,25271,John,McNally,Scottish National Party,Falkirk,https://www.theyworkforyou.com/mp/25271/john_mcnally/falkirk
420,24888,Stephen,McPartland,Conservative,Stevenage,https://www.theyworkforyou.com/mp/24888/stephen_mcpartland/stevenage
421,24882,Esther,McVey,Conservative,Tatton,https://www.theyworkforyou.com/mp/24882/esther_mcvey/tatton
422,24919,Ian,Mearns,Labour,Gateshead,https://www.theyworkforyou.com/mp/24919/ian_mearns/gateshead
423,24804,Mark,Menzies,Conservative,Fylde,https://www.theyworkforyou.com/mp/24804/mark_menzies/fylde
424,25367,Johnny,Mercer,Conservative,"Plymouth, Moor View",https://www.theyworkforyou.com/mp/25367/johnny_mercer/plymouth%2C_moor_view
425,25426,Huw,Merriman,Conservative,Bexhill and Battle,https://www.theyworkforyou.com/mp/25426/huw_merriman/bexhill_and_battle
426,24749,Stephen,Metcalfe,Conservative,South Basildon and East Thurrock,https://www.theyworkforyou.com/mp/24749/stephen_metcalfe/south_basildon_and_east_thurrock
427,11545,Ed,Miliband,Labour,Doncaster North,https://www.theyworkforyou.com/mp/11545/ed_miliband/doncaster_north
428,25832,Robin,Millar,Conservative,Aberconwy,https://www.theyworkforyou.com/mp/25832/robin_millar/aberconwy
429,11389,Maria,Miller,Conservative,Basingstoke,https://www.theyworkforyou.com/mp/11389/maria_miller/basingstoke
430,25350,Amanda,Milling,Conservative,Cannock Chase,https://www.theyworkforyou.com/mp/25350/amanda_milling/cannock_chase
431,24965,Nigel,Mills,Conservative,Amber Valley,https://www.theyworkforyou.com/mp/24965/nigel_mills/amber_valley
432,25836,Navendu,Mishra,Labour,Stockport,https://www.theyworkforyou.com/mp/25836/navendu_mishra/stockport
433,11115,Andrew,Mitchell,Conservative,Sutton Coldfield,https://www.theyworkforyou.com/mp/11115/andrew_mitchell/sutton_coldfield
434,25920,Gagan,Mohindra,Conservative,South West Hertfordshire,https://www.theyworkforyou.com/mp/25920/gagan_mohindra/south_west_hertfordshire
435,13836,Francie,Molloy,Sinn Féin,Mid Ulster,https://www.theyworkforyou.com/mp/13836/francie_molloy/mid_ulster
436,25406,Carol,Monaghan,Scottish National Party,Glasgow North West,https://www.theyworkforyou.com/mp/25406/carol_monaghan/glasgow_north_west
437,25630,Damien,Moore,Conservative,Southport,https://www.theyworkforyou.com/mp/25630/damien_moore/southport
438,25922,Robbie,Moore,Conservative,Keighley,https://www.theyworkforyou.com/mp/25922/robbie_moore/keighley
439,25689,Layla,Moran,Liberal Democrat,Oxford West and Abingdon,https://www.theyworkforyou.com/mp/25689/layla_moran/oxford_west_and_abingdon
440,24938,Penny,Mordaunt,Conservative,Portsmouth North,https://www.theyworkforyou.com/mp/24938/penny_mordaunt/portsmouth_north
441,11732,Jessica,Morden,Labour,Newport East,https://www.theyworkforyou.com/mp/11732/jessica_morden/newport_east
442,26056,Helen,Morgan,Liberal Democrat,North Shropshire,https://www.theyworkforyou.com/mp/26056/helen_morgan/north_shropshire
443,25658,Stephen,Morgan,Labour,Portsmouth South,https://www.theyworkforyou.com/mp/25658/stephen_morgan/portsmouth_south
444,24912,Anne Marie,Morris,Conservative,Newton Abbot,https://www.theyworkforyou.com/mp/24912/anne_marie_morris/newton_abbot
445,24966,David,Morris,Conservative,Morecambe and Lunesdale,https://www.theyworkforyou.com/mp/24966/david_morris/morecambe_and_lunesdale
446,24715,Grahame,Morris,Labour,Easington,https://www.theyworkforyou.com/mp/24715/grahame_morris/easington
447,24855,James,Morris,Conservative,Halesowen and Rowley Regis,https://www.theyworkforyou.com/mp/24855/james_morris/halesowen_and_rowley_regis
448,25878,Joy,Morrissey,Conservative,Beaconsfield,https://www.theyworkforyou.com/mp/25878/joy_morrissey/beaconsfield
449,25984,Jill,Mortimer,Conservative,Hartlepool,https://www.theyworkforyou.com/mp/25984/jill_mortimer/hartlepool
450,25342,Wendy,Morton,Conservative,Aldridge-Brownhills,https://www.theyworkforyou.com/mp/25342/wendy_morton/aldridge-brownhills
451,25883,Kieran,Mullan,Conservative,Crewe and Nantwich,https://www.theyworkforyou.com/mp/25883/kieran_mullan/crewe_and_nantwich
452,25804,Holly,Mumby-Croft,Conservative,Scunthorpe,https://www.theyworkforyou.com/mp/25804/holly_mumby-croft/scunthorpe
453,11970,David,Mundell,Conservative,"Dumfriesshire, Clydesdale and Tweeddale",https://www.theyworkforyou.com/mp/11970/david_mundell/dumfriesshire%2C_clydesdale_and_tweeddale
454,24872,Ian,Murray,Labour,Edinburgh South,https://www.theyworkforyou.com/mp/24872/ian_murray/edinburgh_south
455,25801,James,Murray,Labour/Co-operative,Ealing North,https://www.theyworkforyou.com/mp/25801/james_murray/ealing_north
456,24875,Sheryll,Murray,Conservative,South East Cornwall,https://www.theyworkforyou.com/mp/24875/sheryll_murray/south_east_cornwall
457,11132,Andrew,Murrison,Conservative,South West Wiltshire,https://www.theyworkforyou.com/mp/11132/andrew_murrison/south_west_wiltshire
458,24831,Lisa,Nandy,Labour,Wigan,https://www.theyworkforyou.com/mp/24831/lisa_nandy/wigan
459,13736,Bob,Neill,Conservative,Bromley and Chislehurst,https://www.theyworkforyou.com/mp/13736/bob_neill/bromley_and_chislehurst
460,25291,Gavin,Newlands,Scottish National Party,Paisley and Renfrewshire North,https://www.theyworkforyou.com/mp/25291/gavin_newlands/paisley_and_renfrewshire_north
461,25885,Charlotte,Nichols,Labour,Warrington North,https://www.theyworkforyou.com/mp/25885/charlotte_nichols/warrington_north
462,25865,Lia,Nici,Conservative,Great Grimsby,https://www.theyworkforyou.com/mp/25865/lia_nici/great_grimsby
463,25281,John,Nicolson,Scottish National Party,Ochil and South Perthshire,https://www.theyworkforyou.com/mp/25281/john_nicolson/ochil_and_south_perthshire
464,24809,Caroline,Nokes,Conservative,Romsey and Southampton North,https://www.theyworkforyou.com/mp/24809/caroline_nokes/romsey_and_southampton_north
465,24827,Jesse,Norman,Conservative,Hereford and South Herefordshire,https://www.theyworkforyou.com/mp/24827/jesse_norman/hereford_and_south_herefordshire
466,25687,Alex,Norris,Labour/Co-operative,Nottingham North,https://www.theyworkforyou.com/mp/25687/alex_norris/nottingham_north
467,25679,Neil,O'Brien,Conservative,Harborough,https://www.theyworkforyou.com/mp/25679/neil_o%27brien/harborough
468,25370,Brendan,O'Hara,Scottish National Party,Argyll and Bute,https://www.theyworkforyou.com/mp/25370/brendan_o%27hara/argyll_and_bute
469,24955,Matthew,Offord,Conservative,Hendon,https://www.theyworkforyou.com/mp/24955/matthew_offord/hendon
470,25596,Sarah,Olney,Liberal Democrat,Richmond Park,https://www.theyworkforyou.com/mp/25596/sarah_olney/richmond_park
471,24807,Chi,Onwurah,Labour,Newcastle upon Tyne Central,https://www.theyworkforyou.com/mp/24807/chi_onwurah/newcastle_upon_tyne_central
472,24962,Guy,Opperman,Conservative,Hexham,https://www.theyworkforyou.com/mp/24962/guy_opperman/hexham
473,25846,Abena,Oppong-Asare,Labour,Erith and Thamesmead,https://www.theyworkforyou.com/mp/25846/abena_oppong-asare/erith_and_thamesmead
474,25365,Kate,Osamor,Labour/Co-operative,Edmonton,https://www.theyworkforyou.com/mp/25365/kate_osamor/edmonton
475,25794,Kate,Osborne,Labour,Jarrow,https://www.theyworkforyou.com/mp/25794/kate_osborne/jarrow
476,25294,Kirsten,Oswald,Scottish National Party,East Renfrewshire,https://www.theyworkforyou.com/mp/25294/kirsten_oswald/east_renfrewshire
477,25915,Taiwo,Owatemi,Labour,Coventry North West,https://www.theyworkforyou.com/mp/25915/taiwo_owatemi/coventry_north_west
478,25823,Sarah,Owen,Labour,Luton North,https://www.theyworkforyou.com/mp/25823/sarah_owen/luton_north
479,13852,Ian,Paisley Jnr,DUP,North Antrim,https://www.theyworkforyou.com/mp/13852/ian_paisley_jnr/north_antrim
480,24778,Priti,Patel,Conservative,Witham,https://www.theyworkforyou.com/mp/24778/priti_patel/witham
481,24880,Mark,Pawsey,Conservative,Rugby,https://www.theyworkforyou.com/mp/24880/mark_pawsey/rugby
482,25617,Stephanie,Peacock,Labour,Barnsley East,https://www.theyworkforyou.com/mp/25617/stephanie_peacock/barnsley_east
483,11626,Mike,Penning,Conservative,Hemel Hempstead,https://www.theyworkforyou.com/mp/11626/mike_penning/hemel_hempstead
484,25379,Matthew,Pennycook,Labour,Greenwich and Woolwich,https://www.theyworkforyou.com/mp/25379/matthew_pennycook/greenwich_and_woolwich
485,11924,John,Penrose,Conservative,Weston-Super-Mare,https://www.theyworkforyou.com/mp/11924/john_penrose/weston-super-mare
486,24832,Andrew,Percy,Conservative,Brigg and Goole,https://www.theyworkforyou.com/mp/24832/andrew_percy/brigg_and_goole
487,24845,Toby,Perkins,Labour,Chesterfield,https://www.theyworkforyou.com/mp/24845/toby_perkins/chesterfield
488,25364,Jess,Phillips,Labour,"Birmingham, Yardley",https://www.theyworkforyou.com/mp/25364/jess_phillips/birmingham%2C_yardley
489,24709,Bridget,Phillipson,Labour,Houghton and Sunderland South,https://www.theyworkforyou.com/mp/24709/bridget_phillipson/houghton_and_sunderland_south
490,25377,Chris,Philp,Conservative,Croydon South,https://www.theyworkforyou.com/mp/25377/chris_philp/croydon_south
491,24747,Christopher,Pincher,Conservative,Tamworth,https://www.theyworkforyou.com/mp/24747/christopher_pincher/tamworth
492,25690,Luke,Pollard,Labour/Co-operative,"Plymouth, Sutton and Devonport",https://www.theyworkforyou.com/mp/25690/luke_pollard/plymouth%2C_sutton_and_devonport
493,24756,Daniel,Poulter,Conservative,Central Suffolk and North Ipswich,https://www.theyworkforyou.com/mp/24756/daniel_poulter/central_suffolk_and_north_ipswich
494,25407,Rebecca,Pow,Conservative,Taunton Deane,https://www.theyworkforyou.com/mp/25407/rebecca_pow/taunton_deane
495,25165,Lucy,Powell,Labour/Co-operative,Manchester Central,https://www.theyworkforyou.com/mp/25165/lucy_powell/manchester_central
496,25420,Victoria,Prentis,Conservative,Banbury,https://www.theyworkforyou.com/mp/25420/victoria_prentis/banbury
497,11946,Mark,Pritchard,Conservative,The Wrekin,https://www.theyworkforyou.com/mp/11946/mark_pritchard/the_wrekin
498,25387,Tom,Pursglove,Conservative,Corby,https://www.theyworkforyou.com/mp/25387/tom_pursglove/corby
499,26020,Anum,Qaisar,Scottish National Party,Airdrie and Shotts,https://www.theyworkforyou.com/mp/26020/anum_qaisar/airdrie_and_shotts
500,25417,Jeremy,Quin,Conservative,Horsham,https://www.theyworkforyou.com/mp/25417/jeremy_quin/horsham
501,25403,Will,Quince,Conservative,Colchester,https://www.theyworkforyou.com/mp/25403/will_quince/colchester
502,24775,Yasmin,Qureshi,Labour,Bolton South East,https://www.theyworkforyou.com/mp/24775/yasmin_qureshi/bolton_south_east
503,24815,Dominic,Raab,Conservative,Esher and Walton,https://www.theyworkforyou.com/mp/24815/dominic_raab/esher_and_walton
504,25837,Tom,Randall,Conservative,Gedling,https://www.theyworkforyou.com/mp/25837/tom_randall/gedling
505,25429,Angela,Rayner,Labour,Ashton-under-Lyne,https://www.theyworkforyou.com/mp/25429/angela_rayner/ashton-under-lyne
506,10499,John,Redwood,Conservative,Wokingham,https://www.theyworkforyou.com/mp/10499/john_redwood/wokingham
507,25170,Steve,Reed,Labour/Co-operative,Croydon North,https://www.theyworkforyou.com/mp/25170/steve_reed/croydon_north
508,25332,Christina,Rees,Labour/Co-operative,Neath,https://www.theyworkforyou.com/mp/25332/christina_rees/neath
509,24926,Jacob,Rees-Mogg,Conservative,North East Somerset,https://www.theyworkforyou.com/mp/24926/jacob_rees-mogg/north_east_somerset
510,25681,Ellie,Reeves,Labour,Lewisham West and Penge,https://www.theyworkforyou.com/mp/25681/ellie_reeves/lewisham_west_and_penge
511,24851,Rachel,Reeves,Labour,Leeds West,https://www.theyworkforyou.com/mp/24851/rachel_reeves/leeds_west
512,24929,Jonathan,Reynolds,Labour/Co-operative,Stalybridge and Hyde,https://www.theyworkforyou.com/mp/24929/jonathan_reynolds/stalybridge_and_hyde
513,25856,Bell,Ribeiro-Addy,Labour,Streatham,https://www.theyworkforyou.com/mp/25856/bell_ribeiro-addy/streatham
514,25834,Nicola,Richards,Conservative,West Bromwich East,https://www.theyworkforyou.com/mp/25834/nicola_richards/west_bromwich_east
515,25827,Angela,Richardson,Conservative,Guildford,https://www.theyworkforyou.com/mp/25827/angela_richardson/guildford
516,25321,Marie,Rimmer,Labour,St Helens South and Whiston,https://www.theyworkforyou.com/mp/25321/marie_rimmer/st_helens_south_and_whiston
517,25852,Rob,Roberts,Independent,Delyn,https://www.theyworkforyou.com/mp/25852/rob_roberts/delyn
518,10505,Laurence,Robertson,Conservative,Tewkesbury,https://www.theyworkforyou.com/mp/10505/laurence_robertson/tewkesbury
519,25280,Gavin,Robinson,DUP,Belfast East,https://www.theyworkforyou.com/mp/25280/gavin_robinson/belfast_east
520,25405,Mary,Robinson,Conservative,Cheadle,https://www.theyworkforyou.com/mp/25405/mary_robinson/cheadle
521,25691,Matt,Rodda,Labour,Reading East,https://www.theyworkforyou.com/mp/25691/matt_rodda/reading_east
522,11199,Andrew,Rosindell,Conservative,Romford,https://www.theyworkforyou.com/mp/11199/andrew_rosindell/romford
523,25531,Douglas,Ross,Conservative,Moray,https://www.theyworkforyou.com/mp/25531/douglas_ross/moray
524,25685,Lee,Rowley,Conservative,North East Derbyshire,https://www.theyworkforyou.com/mp/25685/lee_rowley/north_east_derbyshire
525,25828,Dean,Russell,Conservative,Watford,https://www.theyworkforyou.com/mp/25828/dean_russell/watford
526,25667,Lloyd,Russell-Moyle,Labour/Co-operative,"Brighton, Kemptown",https://www.theyworkforyou.com/mp/25667/lloyd_russell-moyle/brighton%2C_kemptown
527,24820,David,Rutley,Conservative,Macclesfield,https://www.theyworkforyou.com/mp/24820/david_rutley/macclesfield
528,25887,Gary,Sambrook,Conservative,"Birmingham, Northfield",https://www.theyworkforyou.com/mp/25887/gary_sambrook/birmingham%2C_northfield
529,25302,Liz,Saville-Roberts,Plaid Cymru,Dwyfor Meirionnydd,https://www.theyworkforyou.com/mp/25302/liz_saville-roberts/dwyfor_meirionnydd
530,25880,Selaine,Saxby,Conservative,North Devon,https://www.theyworkforyou.com/mp/25880/selaine_saxby/north_devon
531,25331,Paul,Scully,Conservative,Sutton and Cheam,https://www.theyworkforyou.com/mp/25331/paul_scully/sutton_and_cheam
532,25645,Bob,Seely,Conservative,Isle of Wight,https://www.theyworkforyou.com/mp/25645/bob_seely/isle_of_wight
533,11216,Andrew,Selous,Conservative,South West Bedfordshire,https://www.theyworkforyou.com/mp/11216/andrew_selous/south_west_bedfordshire
534,25385,Naseem,Shah,Labour,Bradford West,https://www.theyworkforyou.com/mp/25385/naseem_shah/bradford_west
535,13864,Jim,Shannon,DUP,Strangford,https://www.theyworkforyou.com/mp/13864/jim_shannon/strangford
536,11917,Grant,Shapps,Conservative,Welwyn Hatfield,https://www.theyworkforyou.com/mp/11917/grant_shapps/welwyn_hatfield
537,24902,Alok,Sharma,Conservative,Reading West,https://www.theyworkforyou.com/mp/24902/alok_sharma/reading_west
538,13934,Virendra,Sharma,Labour,"Ealing, Southall",https://www.theyworkforyou.com/mp/13934/virendra_sharma/ealing%2C_southall
539,10534,Barry,Sheerman,Labour/Co-operative,Huddersfield,https://www.theyworkforyou.com/mp/10534/barry_sheerman/huddersfield
540,24893,Alec,Shelbrooke,Conservative,Elmet and Rothwell,https://www.theyworkforyou.com/mp/24893/alec_shelbrooke/elmet_and_rothwell
541,25341,Tommy,Sheppard,Scottish National Party,Edinburgh East,https://www.theyworkforyou.com/mp/25341/tommy_sheppard/edinburgh_east
542,25344,Tulip,Siddiq,Labour,Hampstead and Kilburn,https://www.theyworkforyou.com/mp/25344/tulip_siddiq/hampstead_and_kilburn
543,25892,David,Simmonds,Conservative,"Ruislip, Northwood and Pinner",https://www.theyworkforyou.com/mp/25892/david_simmonds/ruislip%2C_northwood_and_pinner
544,24713,Chris,Skidmore,Conservative,Kingswood,https://www.theyworkforyou.com/mp/24713/chris_skidmore/kingswood
545,11559,Andrew,Slaughter,Labour,Hammersmith,https://www.theyworkforyou.com/mp/11559/andrew_slaughter/hammersmith
546,25848,Alyn,Smith,Scottish National Party,Stirling,https://www.theyworkforyou.com/mp/25848/alyn_smith/stirling
547,25432,Cat,Smith,Labour,Lancaster and Fleetwood,https://www.theyworkforyou.com/mp/25432/cat_smith/lancaster_and_fleetwood
548,24691,Chloe,Smith,Conservative,Norwich North,https://www.theyworkforyou.com/mp/24691/chloe_smith/norwich_north
549,25925,Greg,Smith,Conservative,Buckingham,https://www.theyworkforyou.com/mp/25925/greg_smith/buckingham
550,24802,Henry,Smith,Conservative,Crawley,https://www.theyworkforyou.com/mp/24802/henry_smith/crawley
551,25366,Jeff,Smith,Labour,"Manchester, Withington",https://www.theyworkforyou.com/mp/25366/jeff_smith/manchester%2C_withington
552,24961,Julian,Smith,Conservative,Skipton and Ripon,https://www.theyworkforyou.com/mp/24961/julian_smith/skipton_and_ripon
553,24728,Nick,Smith,Labour,Blaenau Gwent,https://www.theyworkforyou.com/mp/24728/nick_smith/blaenau_gwent
554,25345,Royston,Smith,Conservative,"Southampton, Itchen",https://www.theyworkforyou.com/mp/25345/royston_smith/southampton%2C_itchen
555,25390,Karin,Smyth,Labour,Bristol South,https://www.theyworkforyou.com/mp/25390/karin_smyth/bristol_south
556,25680,Alex,Sobel,Labour/Co-operative,Leeds North West,https://www.theyworkforyou.com/mp/25680/alex_sobel/leeds_north_west
557,25436,Amanda,Solloway,Conservative,Derby North,https://www.theyworkforyou.com/mp/25436/amanda_solloway/derby_north
558,10558,John,Spellar,Labour,Warley,https://www.theyworkforyou.com/mp/10558/john_spellar/warley
559,25889,Ben,Spencer,Conservative,Runnymede and Weybridge,https://www.theyworkforyou.com/mp/25889/ben_spencer/runnymede_and_weybridge
560,24909,Mark,Spencer,Conservative,Sherwood,https://www.theyworkforyou.com/mp/24909/mark_spencer/sherwood
561,25864,Alexander,Stafford,Conservative,Rother Valley,https://www.theyworkforyou.com/mp/25864/alexander_stafford/rother_valley
562,25353,Keir,Starmer,Labour,Holborn and St Pancras,https://www.theyworkforyou.com/mp/25353/keir_starmer/holborn_and_st_pancras
563,25306,Chris,Stephens,Scottish National Party,Glasgow South West,https://www.theyworkforyou.com/mp/25306/chris_stephens/glasgow_south_west
564,24759,Andrew,Stephenson,Conservative,Pendle,https://www.theyworkforyou.com/mp/24759/andrew_stephenson/pendle
565,25304,Jo,Stevens,Labour,Cardiff Central,https://www.theyworkforyou.com/mp/25304/jo_stevens/cardiff_central
566,25807,Jane,Stevenson,Conservative,Wolverhampton North East,https://www.theyworkforyou.com/mp/25807/jane_stevenson/wolverhampton_north_east
567,24799,John,Stevenson,Conservative,Carlisle,https://www.theyworkforyou.com/mp/24799/john_stevenson/carlisle
568,24907,Bob,Stewart,Conservative,Beckenham,https://www.theyworkforyou.com/mp/24907/bob_stewart/beckenham
569,24947,Iain,Stewart,Conservative,Milton Keynes South,https://www.theyworkforyou.com/mp/24947/iain_stewart/milton_keynes_south
570,25668,Jamie,Stone,Liberal Democrat,"Caithness, Sutherland and Easter Ross",https://www.theyworkforyou.com/mp/25668/jamie_stone/caithness%2C_sutherland_and_easter_ross
571,10575,Gary,Streeter,Conservative,South West Devon,https://www.theyworkforyou.com/mp/10575/gary_streeter/south_west_devon
572,25320,Wes,Streeting,Labour,Ilford North,https://www.theyworkforyou.com/mp/25320/wes_streeting/ilford_north
573,24914,Mel,Stride,Conservative,Central Devon,https://www.theyworkforyou.com/mp/24914/mel_stride/central_devon
574,10576,Graham,Stringer,Labour,Blackley and Broughton,https://www.theyworkforyou.com/mp/10576/graham_stringer/blackley_and_broughton
575,11406,Graham,Stuart,Conservative,Beverley and Holderness,https://www.theyworkforyou.com/mp/11406/graham_stuart/beverley_and_holderness
576,24853,Julian,Sturdy,Conservative,York Outer,https://www.theyworkforyou.com/mp/24853/julian_sturdy/york_outer
577,25909,Zarah,Sultana,Labour,Coventry South,https://www.theyworkforyou.com/mp/25909/zarah_sultana/coventry_south
578,25428,Rishi,Sunak,Conservative,Richmond (Yorks),https://www.theyworkforyou.com/mp/25428/rishi_sunak/richmond_%28yorks%29
579,25860,James,Sunderland,Conservative,Bracknell,https://www.theyworkforyou.com/mp/25860/james_sunderland/bracknell
580,10580,Desmond,Swayne,Conservative,New Forest West,https://www.theyworkforyou.com/mp/10580/desmond_swayne/new_forest_west
581,10582,Robert,Syms,Conservative,Poole,https://www.theyworkforyou.com/mp/10582/robert_syms/poole
582,11267,Mark,Tami,Labour,Alyn and Deeside,https://www.theyworkforyou.com/mp/11267/mark_tami/alyn_and_deeside
583,25912,Sam,Tarry,Labour,Ilford South,https://www.theyworkforyou.com/mp/25912/sam_tarry/ilford_south
584,25327,Alison,Thewliss,Scottish National Party,Glasgow Central,https://www.theyworkforyou.com/mp/25327/alison_thewliss/glasgow_central
585,25440,Derek,Thomas,Conservative,St Ives,https://www.theyworkforyou.com/mp/25440/derek_thomas/st_ives
586,10594,Gareth,Thomas,Labour/Co-operative,Harrow West,https://www.theyworkforyou.com/mp/10594/gareth_thomas/harrow_west
587,25279,Nick,Thomas-Symonds,Labour,Torfaen,https://www.theyworkforyou.com/mp/25279/nick_thomas-symonds/torfaen
588,25278,Owen,Thompson,Scottish National Party,Midlothian,https://www.theyworkforyou.com/mp/25278/owen_thompson/midlothian
589,25919,Richard,Thomson,Scottish National Party,Gordon,https://www.theyworkforyou.com/mp/25919/richard_thomson/gordon
590,11656,Emily,Thornberry,Labour,Islington South and Finsbury,https://www.theyworkforyou.com/mp/11656/emily_thornberry/islington_south_and_finsbury
591,25371,Maggie,Throup,Conservative,Erewash,https://www.theyworkforyou.com/mp/25371/maggie_throup/erewash
592,10596,Stephen,Timms,Labour,East Ham,https://www.theyworkforyou.com/mp/10596/stephen_timms/east_ham
593,14128,Edward,Timpson,Conservative,Eddisbury,https://www.theyworkforyou.com/mp/14128/edward_timpson/eddisbury
594,25430,Kelly,Tolhurst,Conservative,Rochester and Strood,https://www.theyworkforyou.com/mp/25430/kelly_tolhurst/rochester_and_strood
595,24870,Justin,Tomlinson,Conservative,North Swindon,https://www.theyworkforyou.com/mp/24870/justin_tomlinson/north_swindon
596,25422,Michael,Tomlinson,Conservative,Mid Dorset and North Poole,https://www.theyworkforyou.com/mp/25422/michael_tomlinson/mid_dorset_and_north_poole
597,25290,Craig,Tracey,Conservative,North Warwickshire,https://www.theyworkforyou.com/mp/25290/craig_tracey/north_warwickshire
598,25439,Anne-Marie,Trevelyan,Conservative,Berwick-upon-Tweed,https://www.theyworkforyou.com/mp/25439/anne-marie_trevelyan/berwick-upon-tweed
599,10604,Jon,Trickett,Labour,Hemsworth,https://www.theyworkforyou.com/mp/10604/jon_trickett/hemsworth
600,25851,Laura,Trott,Conservative,Sevenoaks,https://www.theyworkforyou.com/mp/25851/laura_trott/sevenoaks
601,24941,Elizabeth,Truss,Conservative,South West Norfolk,https://www.theyworkforyou.com/mp/24941/elizabeth_truss/south_west_norfolk
602,25374,Thomas,Tugendhat,Conservative,Tonbridge and Malling,https://www.theyworkforyou.com/mp/25374/thomas_tugendhat/tonbridge_and_malling
603,24767,Karl,Turner,Labour,Kingston upon Hull East,https://www.theyworkforyou.com/mp/24767/karl_turner/kingston_upon_hull_east
604,10610,Derek,Twigg,Labour,Halton,https://www.theyworkforyou.com/mp/10610/derek_twigg/halton
605,25623,Liz,Twist,Labour,Blaydon,https://www.theyworkforyou.com/mp/25623/liz_twist/blaydon
606,11475,Shailesh,Vara,Conservative,North West Cambridgeshire,https://www.theyworkforyou.com/mp/11475/shailesh_vara/north_west_cambridgeshire
607,24852,Valerie,Vaz,Labour,Walsall South,https://www.theyworkforyou.com/mp/24852/valerie_vaz/walsall_south
608,24814,Martin,Vickers,Conservative,Cleethorpes,https://www.theyworkforyou.com/mp/24814/martin_vickers/cleethorpes
609,25853,Matt,Vickers,Conservative,Stockton South,https://www.theyworkforyou.com/mp/25853/matt_vickers/stockton_south
610,11500,Theresa,Villiers,Conservative,Chipping Barnet,https://www.theyworkforyou.com/mp/11500/theresa_villiers/chipping_barnet
611,25874,Christian,Wakeford,Labour,Bury South,https://www.theyworkforyou.com/mp/25874/christian_wakeford/bury_south
612,11461,Charles,Walker,Conservative,Broxbourne,https://www.theyworkforyou.com/mp/11461/charles_walker/broxbourne
613,24862,Robin,Walker,Conservative,Worcester,https://www.theyworkforyou.com/mp/24862/robin_walker/worcester
614,11668,Ben,Wallace,Conservative,Wyre and Preston North,https://www.theyworkforyou.com/mp/11668/ben_wallace/wyre_and_preston_north
615,25829,Jamie,Wallis,Conservative,Bridgend,https://www.theyworkforyou.com/mp/25829/jamie_wallis/bridgend
616,25372,David,Warburton,Conservative,Somerton and Frome,https://www.theyworkforyou.com/mp/25372/david_warburton/somerton_and_frome
617,25395,Matt,Warman,Conservative,Boston and Skegness,https://www.theyworkforyou.com/mp/25395/matt_warman/boston_and_skegness
618,25644,Giles,Watling,Conservative,Clacton,https://www.theyworkforyou.com/mp/25644/giles_watling/clacton
619,25926,Suzanne,Webb,Conservative,Stourbridge,https://www.theyworkforyou.com/mp/25926/suzanne_webb/stourbridge
620,25797,Claudia,Webbe,Independent,Leicester East,https://www.theyworkforyou.com/mp/25797/claudia_webbe/leicester_east
621,25328,Catherine,West,Labour,Hornsey and Wood Green,https://www.theyworkforyou.com/mp/25328/catherine_west/hornsey_and_wood_green
622,26120,Andrew,Western,Labour,Stretford and Urmston,https://www.theyworkforyou.com/mp/26120/andrew_western/stretford_and_urmston
623,25701,Matt,Western,Labour,Warwick and Leamington,https://www.theyworkforyou.com/mp/25701/matt_western/warwick_and_leamington
624,25398,Helen,Whately,Conservative,Faversham and Mid Kent,https://www.theyworkforyou.com/mp/25398/helen_whately/faversham_and_mid_kent
625,24769,Heather,Wheeler,Conservative,South Derbyshire,https://www.theyworkforyou.com/mp/24769/heather_wheeler/south_derbyshire
626,10630,Alan,Whitehead,Labour,"Southampton, Test",https://www.theyworkforyou.com/mp/10630/alan_whitehead/southampton%2C_test
627,25318,Philippa,Whitford,Scottish National Party,Central Ayrshire,https://www.theyworkforyou.com/mp/25318/philippa_whitford/central_ayrshire
628,25798,Mick,Whitley,Labour,Birkenhead,https://www.theyworkforyou.com/mp/25798/mick_whitley/birkenhead
629,24944,Craig,Whittaker,Conservative,Calder Valley,https://www.theyworkforyou.com/mp/24944/craig_whittaker/calder_valley
630,10632,John,Whittingdale,Conservative,Maldon,https://www.theyworkforyou.com/mp/10632/john_whittingdale/maldon
631,25845,Nadia,Whittome,Labour,Nottingham East,https://www.theyworkforyou.com/mp/25845/nadia_whittome/nottingham_east
632,11318,Bill,Wiggin,Conservative,North Herefordshire,https://www.theyworkforyou.com/mp/11318/bill_wiggin/north_herefordshire
633,25866,James,Wild,Conservative,North West Norfolk,https://www.theyworkforyou.com/mp/25866/james_wild/north_west_norfolk
634,25329,Craig,Williams,Conservative,Montgomeryshire,https://www.theyworkforyou.com/mp/25329/craig_williams/montgomeryshire
635,11323,Hywel,Williams,Plaid Cymru,Arfon,https://www.theyworkforyou.com/mp/11323/hywel_williams/arfon
636,24729,Gavin,Williamson,Conservative,South Staffordshire,https://www.theyworkforyou.com/mp/24729/gavin_williamson/south_staffordshire
637,25820,Munira,Wilson,Liberal Democrat,Twickenham,https://www.theyworkforyou.com/mp/25820/munira_wilson/twickenham
638,11374,Sammy,Wilson,DUP,East Antrim,https://www.theyworkforyou.com/mp/11374/sammy_wilson/east_antrim
639,25826,Beth,Winter,Labour,Cynon Valley,https://www.theyworkforyou.com/mp/25826/beth_winter/cynon_valley
640,10648,Rosie,Winterton,Labour,Doncaster Central,https://www.theyworkforyou.com/mp/10648/rosie_winterton/doncaster_central
641,11333,Pete,Wishart,Scottish National Party,Perth and North Perthshire,https://www.theyworkforyou.com/mp/11333/pete_wishart/perth_and_north_perthshire
642,25362,Mike,Wood,Conservative,Dudley South,https://www.theyworkforyou.com/mp/25362/mike_wood/dudley_south
643,25360,William,Wragg,Conservative,Hazel Grove,https://www.theyworkforyou.com/mp/25360/william_wragg/hazel_grove
644,11791,Jeremy,Wright,Conservative,Kenilworth and Southam,https://www.theyworkforyou.com/mp/11791/jeremy_wright/kenilworth_and_southam
645,25649,Mohammad,Yasin,Labour,Bedford,https://www.theyworkforyou.com/mp/25649/mohammad_yasin/bedford
646,25806,Jacob,Young,Conservative,Redcar,https://www.theyworkforyou.com/mp/25806/jacob_young/redcar
647,24822,Nadhim,Zahawi,Conservative,Stratford-on-Avon,https://www.theyworkforyou.com/mp/24822/nadhim_zahawi/stratford-on-avon
648,25386,Daniel,Zeichner,Labour,Cambridge,https://www.theyworkforyou.com/mp/25386/daniel_zeichner/cambridge
