<<<<<<< HEAD
Unnamed: 0,Constituency,Firstname,Lastname,Flink
0,Hackney North and Stoke Newington,Diane,Abbott,https://facebook.com/Dianeabbott
1,Oldham East and Saddleworth,Debbie,Abrahams,
2,Selby and Ainsty,Nigel,Adams,https://facebook.com/nigel.adamsmp
3,Hitchin and Harpenden,Bim,Afolami,
4,Windsor,Adam,Afriyie,https://facebook.com/adamafriyieofficial
5,Cities of London and Westminster,Nickie,Aiken,
6,Waveney,Peter,Aldous,https://facebook.com/peteraldouswaveney
7,Bethnal Green and Bow,Rushanara,Ali,https://facebook.com/Rushanara-Ali-37684209618
8,Birmingham Hall Green,Tahir,Ali,
9,Telford,Lucy,Allan,https://facebook.com/LucyAllanForTelford
10,Tooting,Rosena,Allin-Khan,https://facebook.com/DrRosena
11,Weaver Vale,Mike,Amesbury,
12,Putney,Fleur,Anderson,
13,Ashfield,Lee,Anderson,
14,Wolverhampton South West,Stuart,Anderson,
15,Pudsey,Stuart,Andrew,https://facebook.com/StuartAndrewPudsey
16,Eastbourne,Caroline,Ansell,https://facebook.com/CarolineAnsellEastbourne
17,Gower,Tonia,Antoniazzi,https://facebook.com/ToniaForGower
18,Charnwood,Edward,Argar,
19,Leicester South,Jon,Ashworth,https://facebook.com/JonAshworthMP
20,Wrexham,Sarah,Atherton,
21,Louth and Horncastle,Victoria,Atkins,https://facebook.com/VoteVictoriaAtkins
22,Orpington,Gareth,Bacon,
23,South Norfolk,Richard,Bacon,https://facebook.com/Bacon4SouthNorfolk
24,Saffron Walden,Kemi,Badenoch,
25,West Bromwich West,Shaun,Bailey,
26,Stroud,Siobhan,Baillie,
27,North Norfolk,Duncan,Baker,
28,Wycombe,Steven,Baker,https://facebook.com/SteveBakerWycombe
29,West Worcestershire,Harriett,Baldwin,https://facebook.com/harriettbaldwin
30,North East Cambridgeshire,Steve,Barclay,https://facebook.com/stevebarclaymp
31,Livingston,Hannah,Bardell,https://facebook.com/hannah.bardell.5
32,Liverpool Wavertree,Paula,Barker,
33,Basildon and Billericay,John,Baron,
34,Clwyd South,Simon,Baynes,
35,Derby South,Margaret,Beckett,
36,West Tyrone,Órfhlaith,Begley,
37,Poplar and Limehouse,Apsana,Begum,
38,Newcastle-under-Lyme,Aaron,Bell,
39,Leeds Central,Hilary,Benn,https://facebook.com/hilarybenn4leedscentral
40,Blackpool South,Scott,Benton,
41,Mole Valley,Paul,Beresford,https://facebook.com/SirPaulBeresford
42,Rossendale and Darwen,Jake,Berry,https://facebook.com/jakeberryofficial
43,Sheffield South East,Clive,Betts,https://facebook.com/clive.betts.sheffieldse
44,Meriden,Saqib,Bhatti,
45,Paisley and Renfrewshire South,Mhairi,Black,https://facebook.com/Mhairi.Black.SNP
46,Ross Skye and Lochaber,Ian,Blackford,https://facebook.com/IanBlackford.SNP
47,Harrow East,Bob,Blackman,https://facebook.com/bobblackmanofficial
48,Aberdeen North,Kirsty,Blackman,https://facebook.com/aberdeennorth
49,Sheffield Hallam,Olivia,Blake,
50,Sheffield Central,Paul,Blomfield,https://facebook.com/paulblomfieldmp
51,Reigate,Crispin,Blunt,https://facebook.com/crispinbluntreigate
52,Wellingborough,Peter,Bone,https://facebook.com/PeterBoneOfficial
53,Coatbridge Chryston and Bellshill,Steven,Bonnar,
54,Worthing West,Peter,Bottomley,https://facebook.com/Sir-Peter-Bottomley-MP-293136030810246
55,West Aberdeenshire and Kincardine,Andrew,Bowie,
56,Mansfield,Ben,Bradley,https://facebook.com/benbradleymansfield
57,Staffordshire Moorlands,Karen,Bradley,https://facebook.com/votekarenbradley
58,Exeter,Ben,Bradshaw,https://facebook.com/BenPBradshaw
59,Altrincham and Sale West,Graham,Brady,https://facebook.com/voteforAltSaleWest
60,Newry and Armagh,Mickey,Brady,https://facebook.com/mickey.brady.52
61,Fareham,Suella,Braverman,https://facebook.com/SuellaBravermanOfficial
62,Cardiff West,Kevin,Brennan,https://facebook.com/kevinbrennanpage
63,Stoke-on-Trent South,Jack,Brereton,https://facebook.com/jackbreretonforstoke
64,North West Leicestershire,Andrew,Bridgen,
65,Winchester,Steve,Brine,https://facebook.com/Steve-Brine-MP-for-Winchester-Chandlers-Ford-245990448763142
66,Peterborough,Paul,Bristow,
67,Hyndburn,Sara,Britcliffe,
68,Edinburgh North and Leith,Deidre,Brock,https://facebook.com/DeidreBrockSNP
69,Kilmarnock and Loudoun,Alan,Brown,
70,West Ham,Lyn,Brown,
71,Newcastle upon Tyne East,Nick,Brown,
72,South Cambridgeshire,Anthony,Browne,
73,Congleton,Fiona,Bruce,https://facebook.com/fiona4congleton
74,Rhondda,Chris,Bryant,https://facebook.com/Chris4Rhondda
75,Kensington,Felicity,Buchan,
76,Westminster North,Karen,Buck,https://facebook.com/KarenBuck4WN
77,South Swindon,Robert,Buckland,https://facebook.com/robertbucklandofficial
78,Brentwood and Ongar,Alex,Burghart,
79,Leeds East,Richard,Burgon,https://facebook.com/RichardBurgonForEastLeeds
80,Bournemouth West,Conor,Burns,https://facebook.com/conorburnsuk
81,Brent Central,Dawn,Butler,https://facebook.com/DawnButlerBrent
82,Aylesbury,Rob,Butler,
83,Liverpool West Derby,Ian,Byrne,
84,Birmingham Hodge Hill,Liam,Byrne,https://facebook.com/LiamByrneHodgeHill
85,Brentford and Isleworth,Ruth,Cadbury,https://facebook.com/RuthCadburywin2017
86,Vale of Glamorgan,Alun,Cairns,https://facebook.com/aluncairns
87,East Dunbartonshire,Amy,Callaghan,
88,East Kilbride Strathaven and Lesmahagow,Lisa,Cameron,https://facebook.com/lisacameronsnp
89,Tynemouth,Alan,Campbell,https://facebook.com/AlanCampbellMP
90,East Londonderry,Gregory,Campbell,https://facebook.com/gregory.campbell.549
91,Liverpool Walton,Dan,Carden,
92,Orkney and Shetland,Alistair,Carmichael,https://facebook.com/AlistairForOrkneyandShetland
93,Warrington South,Andy,Carter,
94,South Suffolk,James,Cartlidge,https://facebook.com/james4southsuffolk
95,Stone,Bill,Cash,
96,Penistone and Stocksbridge,Miriam,Cates,
97,Lewes,Maria,Caulfield,https://facebook.com/mariacaulfieldlewes
98,Cheltenham,Alex,Chalk,https://facebook.com/alexchalkchelt
99,North East Fife,Wendy,Chamberlain,
100,Rotherham,Sarah,Champion,https://facebook.com/sarahforrotherham
101,Dunfermline and West Fife,Douglas,Chapman,https://facebook.com/DougChapmanSNP
102,Enfield Southgate,Bambos,Charalambous,
103,Edinburgh South West,Joanna,Cherry,https://facebook.com/JoannaCherryMP
104,Gillingham and Rainham,Rehman,Chishti,https://facebook.com/RehmanChishti
105,Christchurch,Christopher,Chope,
106,Bury St Edmunds,Jo,Churchill,https://facebook.com/Jo-Churchill-1518690448393113
107,Enfield North,Feryal,Clark,
108,Tunbridge Wells,Greg,Clark,
109,Middlesbrough South and East Cleveland,Simon,Clarke,https://facebook.com/simon4MSEC
110,Stafford,Theo,Clarke,
111,Bassetlaw,Brendan,Clarke-Smith,
112,Heywood and Middleton,Chris,Clarkson,
113,Braintree,James,Cleverly,https://facebook.com/james.cleverly
114,The Cotswolds,Geoffrey,Clifton-Brown,https://facebook.com/geoffreycliftonbrown
115,Suffolk Coastal,Therese,Coffey,https://facebook.com/ThereseCoffey
116,Carshalton and Wallington,Elliot,Colburn,
117,Folkestone and Hythe,Damian,Collins,https://facebook.com/damiancollins4mp
118,St Albans,Daisy,Cooper,
119,Normanton Pontefract and Castleford,Yvette,Cooper,https://facebook.com/YvetteCooperMP
120,Islington North,Jeremy,Corbyn,https://facebook.com/JeremyCorbynMP
121,South Leicestershire,Alberto,Costa,https://facebook.com/AlbertoCostaOfficial
122,Witney,Robert,Courts,
123,East Surrey,Claire,Coutinho,
124,Inverclyde,Ronnie,Cowan,https://facebook.com/RonnieCowanSNP
125,Torridge and West Devon,Geoffrey,Cox,
126,Bermondsey and Old Southwark,Neil,Coyle,https://facebook.com/NeilCoyleMP
127,Preseli Pembrokeshire,Stephen,Crabb,https://facebook.com/StephenCrabbPembs
128,Lanark and Hamilton East,Angela,Crawley,https://facebook.com/Angela-Crawley-for-Westminster-Lanark-Hamilton-East-404900139669473
129,Walthamstow,Stella,Creasy,https://facebook.com/stellacreasy
130,Ynys Môn,Virginia,Crosbie,
131,Chatham and Aylesford,Tracey,Crouch,https://facebook.com/TraceyCrouchMp
132,Dagenham and Rainham,Jon,Cruddas,https://facebook.com/JonCruddas
133,Leyton and Wanstead,John,Cryer,
134,Bradford South,Judith,Cummins,https://facebook.com/JudithCumminsMP
135,Stockton North,Alex,Cunningham,https://facebook.com/acunninghammp
136,Lewisham East,Janet,Daby,https://facebook.com/jdaby1
137,West Lancashire,Ashley,Dalton,
138,Bury North,James,Daly,
139,Kingston and Surbiton,Edward,Davey,
140,Caerphilly,Wayne,David,https://facebook.com/waynedavidforcaerphilly
141,Monmouth,David,Davies,https://facebook.com/davidtcdavies
142,Grantham and Stamford,Gareth,Davies,
143,Swansea West,Geraint,Davies,https://facebook.com/GeraintDaviesMP
144,Vale of Clwyd,James,Davies,https://facebook.com/jamesdavies4mp
145,Mid Sussex,Mims,Davies,https://facebook.com/Mims4Eastleigh
146,Shipley,Philip,Davies,
147,Pontypridd,Alex,Davies-Jones,
148,Haltemprice and Howden,David,Davis,
149,Bishop Auckland,Dehenna,Davison,
150,Linlithgow and East Falkirk,Martyn,Day,https://facebook.com/MartynDaySNP
151,Battersea,Marsha,de Cordova,https://facebook.com/marsha4battersea
152,Bristol West,Thangam,Debbonaire,https://facebook.com/debbonaire
153,Slough,Tan,Dhesi,https://facebook.com/tandhesi
154,Gosport,Caroline,Dinenage,https://facebook.com/Caroline4Gosport
155,Derbyshire Dales,Sarah,Dines,
156,City of Chester,Samantha,Dixon,
157,Huntingdon,Jonathan,Djanogly,https://facebook.com/JonathanDjanogly
158,Aldershot,Leo,Docherty,https://facebook.com/pg/LeoDocherty4Aldershot
159,West Dunbartonshire,Martin,Docherty,https://facebook.com/MartinDochertySNP
160,Oxford East,Anneliese,Dodds,
161,Lagan Valley,Jeffrey,Donaldson,https://facebook.com/jeffrey.donaldson1
162,Chippenham,Michelle,Donelan,https://facebook.com/MichelleDonelanChippenham
163,Angus,Dave,Doogan,
164,Ayr Carrick and Cumnock,Allan,Dorans,
165,Mid Bedfordshire,Nadine,Dorries,
166,St Austell and Newquay,Steve,Double,https://facebook.com/stevedouble2015
167,Cardiff South and Penarth,Stephen,Doughty,https://facebook.com/StephenDoughtyMP
168,Bootle,Peter,Dowd,https://facebook.com/PeterDowdBootle
169,Hertsmere,Oliver,Dowden,https://facebook.com/oliverdowdenhertsmere
170,Thurrock,Jackie,Doyle-Price,https://facebook.com/jackiedp
171,South Dorset,Richard,Drax,https://facebook.com/draxmp2017
172,Meon Valley,Flick,Drummond,https://facebook.com/PortsmouthConservatives
173,Rochford and Southend East,James,Duddridge,https://facebook.com/jamespduddridge
174,Canterbury,Rosie,Duffield,
175,Banff and Buchan,David,Duguid,https://facebook.com/DavidDuguidMP
176,Chingford and Woodford Green,Iain,Duncan Smith,https://facebook.com/iainduncansmithmp
177,Ludlow,Philip,Dunne,https://facebook.com/Dunne4Ludlow
178,Wallasey,Angela,Eagle,https://facebook.com/angela4labour
179,Garston and Halewood,Maria,Eagle,https://facebook.com/Maria-Eagle-103693786335432
180,Foyle,Colum,Eastwood,
181,Dewsbury,Mark,Eastwood,
182,Carmarthen East and Dinefwr,Jonathan,Edwards,https://facebook.com/PlaidSirGar
183,Rushcliffe,Ruth,Edwards,
184,Eltham,Clive,Efford,https://facebook.com/clive.efford
185,Sunderland Central,Julie,Elliott,https://facebook.com/JulieElliottSunderland
186,Northampton North,Michael,Ellis,https://facebook.com/MichaelEllisNorthampton
187,Bournemouth East,Tobias,Ellwood,https://facebook.com/TobiasEllwood
188,Ogmore,Chris,Elmore,https://facebook.com/ChrisElmoreMP
189,Dover,Natalie,Elphicke,
190,Vauxhall,Florence,Eshalomi,
191,Sefton Central,Bill,Esterson,https://facebook.com/BillEsterson4SeftonCentral
192,Camborne and Redruth,George,Eustice,
193,Islwyn,Chris,Evans,https://facebook.com/ChrisEvansforIslwyn
194,Bosworth,Luke,Evans,
195,Ribble Valley,Nigel,Evans,https://facebook.com/Nigel-Evans-103118746394453
196,Bexleyheath and Crayford,David,Evennett,https://facebook.com/DavidAEvennett
197,Milton Keynes North,Ben,Everitt,
198,Lichfield,Michael,Fabricant,https://facebook.com/michael.fabricant
199,Newbury,Laura,Farris,
200,Westmorland and Lonsdale,Tim,Farron,https://facebook.com/timfarronmp
201,North Down,Stephen,Farry,
202,Barrow and Furness,Simon,Fell,
203,Motherwell and Wishaw,Marion,Fellows,https://facebook.com/marionfellows
204,Rutherglen and Hamilton West,Margaret,Ferrier,https://facebook.com/MargaretFerrierSNP
205,Belfast North,John,Finucane,
206,Southend West,Anna,Firth,
207,Coventry North East,Colleen,Fletcher,
208,South Ribble,Katherine,Fletcher,
209,Bolsover,Mark,Fletcher,
210,Don Valley,Nicholas,Fletcher,
211,Aberdeen South,Stephen,Flynn,
212,Tiverton and Honiton,Richard,Foord,
213,Chelmsford,Vicky,Ford,https://facebook.com/Vicky4Chelmsford
214,Torbay,Kevin,Foster,https://facebook.com/KevinforTorbay
215,Makerfield,Yvonne,Fovargue,https://facebook.com/YvonneFovargueMP
216,North Somerset,Liam,Fox,https://facebook.com/drliamfox
217,Lewisham Deptford,Vicky,Foxcroft,https://facebook.com/VickyFoxcroftLabour
218,City of Durham,Mary,Foy,
219,Rayleigh and Wickford,Mark,Francois,https://www.facebook.com/MarkFrancoisRayleighandWickford
220,South East Cambridgeshire,Lucy,Frazer,https://facebook.com/FrazerLucy
221,Mid Norfolk,George,Freeman,https://facebook.com/GeorgeFreemanMidNorfolk
222,Finchley and Golders Green,Mike,Freer,https://facebook.com/mikefreerofficial
223,Old Bexley and Sidcup,Louie,French,
224,North East Bedfordshire,Richard,Fuller,https://www.facebook.com/RichardFullerBedfordshire/
225,Sheffield Brightside and Hillsborough,Gill,Furniss,
226,Yeovil,Marcus,Fysh,https://facebook.com/MarcusFyshForYeovil
227,North Thanet,Roger,Gale,https://facebook.com/north.thanet.roger.gale
228,Brent North,Barry,Gardiner,
229,Wyre Forest,Mark,Garnier,https://facebook.com/markrtgarnier
230,Wealden,Nusrat,Ghani,https://facebook.com/NusGhaniofficial
231,Bognor Regis and Littlehampton,Nick,Gibb,https://facebook.com/nickgibbofficial
232,North Ayrshire and Arran,Patricia,Gibson,https://facebook.com/PatriciaGibsonSNP
233,Darlington,Peter,Gibson,
234,Stoke-on-Trent Central,Jo,Gideon,
235,Fermanagh and South Tyrone,Michelle,Gildernew,
236,Birmingham Edgbaston,Preet,Gill,https://facebook.com/PreetKaurGillMP
237,South Antrim,Paul,Girvan,
238,Salisbury,John,Glen,https://facebook.com/johnglenmp
239,North Tyneside,Mary,Glindon,
240,Scarborough and Whitby,Robert,Goodwill,
241,Surrey Heath,Michael,Gove,https://facebook.com/MichaelGove2017
242,Glasgow North,Patrick,Grady,https://facebook.com/PatrickGradySNP
243,Gloucester,Richard,Graham,https://facebook.com/richard4gloucester
244,Maidstone and The Weald,Helen,Grant,
245,Glenrothes,Peter,Grant,https://facebook.com/petergrantsnp
246,North Wiltshire,James,Gray,https://facebook.com/jamesgraymp
247,Epsom and Ewell,Chris,Grayling,https://facebook.com/Chris.Grayling.Official
248,Bolton West,Chris,Green,https://facebook.com/ChrisGreen4BoltonWest
249,Ashford,Damian,Green,https://facebook.com/DamianGreenOfficial
250,Chesham and Amersham,Sarah,Green,
251,Nottingham South,Lilian,Greenwood,https://facebook.com/liliangreenwood4labour
252,Wirral West,Margaret,Greenwood,https://facebook.com/margaretgreenwoodww
253,Arundel and South Downs,Andrew,Griffith,
254,Llanelli,Nia,Griffith,https://facebook.com/Nia-Griffith-MP-154165864657660
255,Leigh,James,Grundy,
256,Stoke-on-Trent North,Jonathan,Gullis,
257,Denton and Reddish,Andrew,Gwynne,https://facebook.com/GwynneMP
258,Sheffield Heeley,Louise,Haigh,https://facebook.com/Haigh4Heeley
259,Harlow,Robert,Halfon,https://facebook.com/RobertHalfon
260,Thornbury and Yate,Luke,Hall,https://facebook.com/LukeHallThornburyandYate
261,Leeds North East,Fabian,Hamilton,https://facebook.com/groups/fabiancampaign
262,Birmingham Erdington,Paulette,Hamilton,
263,Wimbledon,Stephen,Hammond,https://facebook.com/stephenhammond.net
264,West Suffolk,Matthew,Hancock,https://facebook.com/matthancockofficial
265,Chelsea and Fulham,Greg,Hands,https://facebook.com/greghandschelseafulham
266,Belfast South,Claire,Hanna,
267,Kirkcaldy and Cowdenbeath,Neale,Hanvey,
268,Kingston upon Hull West and Hessle,Emma,Hardy,
269,Camberwell and Peckham,Harriet,Harman,
270,Forest of Dean,Mark,Harper,https://facebook.com/mark.harper.fod
271,Swansea East,Carolyn,Harris,https://facebook.com/CarolynHarrisMPSwanseaEast
272,Castle Point,Rebecca,Harris,https://facebook.com/rebeccaharris4castlepoint
273,Copeland,Trudy,Harrison,
274,Hastings and Rye,Sally-Ann,Hart,
275,Carmarthen West and South Pembrokeshire,Simon,Hart,https://facebook.com/simon.hart.737
276,Dulwich and West Norwood,Helen,Hayes,
277,South Holland and The Deepings,John,Hayes,
278,South Down,Christopher,Hazzard,https://facebook.com/chris.hazzard.77
279,North East Hertfordshire,Oliver,Heald,
280,Wentworth and Dearne,John,Healey,https://facebook.com/JohnHealeyRotherham
281,Wells,James,Heappey,https://facebook.com/jheappey
282,Daventry,Chris,Heaton-Harris,https://facebook.com/chhcalling
283,Sittingbourne and Sheppey,Gordon,Henderson,https://facebook.com/gordonhendersonmp
284,Preston,Mark,Hendrick,https://facebook.com/hendrick4preston
285,Inverness Nairn Badenoch and Strathspey,Drew,Hendry,https://facebook.com/DrewHendrySNP
286,Broxtowe,Darren,Henry,
287,Burnley,Antony,Higginbotham,
288,Hackney South and Shoreditch,Meg,Hillier,https://facebook.com/Meg4Hackney
289,East Hampshire,Damian,Hinds,https://facebook.com/damian.hinds
290,North Dorset,Simon,Hoare,https://facebook.com/simonhoarenorthdorset
291,Bath,Wera,Hobhouse,https://facebook.com/WeraHobhouse
292,Barking,Margaret,Hodge,https://facebook.com/MargaretHodgeBarking
293,Washington and Sunderland West,Sharon,Hodgson,https://facebook.com/Sharon.Hodgson.MP
294,North West Durham,Richard,Holden,
295,Blackburn,Kate,Hollern,https://facebook.com/katehollernforblackburn
296,Thirsk and Malton,Kevin,Hollinrake,https://facebook.com/kevin.hollinrake
297,Kettering,Philip,Hollobone,
298,Gravesham,Adam,Holloway,https://facebook.com/holloway.adam
299,Eastleigh,Paul,Holmes,
300,Luton South,Rachel,Hopkins,
301,Dundee East,Stewart,Hosie,https://facebook.com/StewartHosieSNP
302,Knowsley,George,Howarth,
303,Henley,John,Howell,https://facebook.com/JohnHowellOxfordshire
304,Sedgefield,Paul,Howell,
305,Chorley,Lindsay,Hoyle,https://facebook.com/LindsayHoyle4Chorley
306,Mid Worcestershire,Nigel,Huddleston,https://facebook.com/NigelHuddlestonPPC
307,Penrith and The Border,Neil,Hudson,
308,Walsall North,Eddie,Hughes,
309,Loughborough,Jane,Hunt,
310,South West Surrey,Jeremy,Hunt,https://facebook.com/jeremyhuntsws
311,Ipswich,Tom,Hunt,
312,Ealing Central and Acton,Rupa,Huq,https://facebook.com/rupa4labour
313,Bradford East,Imran,Hussain,https://facebook.com/Imran-Hussain-MP
314,Dumfries and Galloway,Alister,Jack,
315,Edinburgh West,Christine,Jardine,https://facebook.com/CJLibDem
316,Barnsley Central,Dan,Jarvis,https://facebook.com/dowjarvis
317,Bromsgrove,Sajid,Javid,https://facebook.com/sajidjavidbromsgrove
318,North East Hampshire,Ranil,Jayawardena,https://facebook.com/TellRanil
319,Harwich and North Essex,Bernard,Jenkin,https://facebook.com/bernardjenkin
320,Workington,Mark,Jenkinson,
321,Morley and Outwood,Andrea,Jenkyns,https://facebook.com/Andrea4morley
322,Newark,Robert,Jenrick,https://facebook.com/RobertJenrickNewark
323,Uxbridge and South Ruislip,Boris,Johnson,https://facebook.com/borisjohnson
324,Sleaford and North Hykeham,Caroline,Johnson,
325,Kingston upon Hull North,Diana,Johnson,https://facebook.com/DianaJohnsonHullNorth
326,Dartford,Gareth,Johnson,https://facebook.com/gareth.johnson.735
327,Liverpool Riverside,Kim,Johnson,
328,Wantage,David,Johnston,
329,Harrogate and Knaresborough,Andrew,Jones,
330,Bristol North West,Darren,Jones,https://facebook.com/darrenjonesmp
331,Clwyd West,David,Jones,
332,Brecon and Radnorshire,Fay,Jones,
333,Merthyr Tydfil and Rhymney,Gerald,Jones,https://facebook.com/GeraldJonesLabour
334,North Durham,Kevan,Jones,https://facebook.com/Kevan4NDurham
335,Nuneaton,Marcus,Jones,https://facebook.com/MarcusJones4Nuneaton
336,Newport West,Ruth,Jones,https://facebook.com/RuthNewportWest
337,Croydon Central,Sarah,Jones,https://facebook.com/CroydonSarah
338,East Devon,Simon,Jupp,
339,Wythenshawe and Sale East,Mike,Kane,https://facebook.com/mikekanemp
340,Shrewsbury and Atcham,Daniel,Kawczynski,https://facebook.com/daniel4shrews
341,Rutland and Melton,Alicia,Kearns,
342,Chichester,Gillian,Keegan,
343,Worsley and Eccles South,Barbara,Keeley,https://facebook.com/BarbaraKeeleyforWorsleyandEcclesSouth
344,Leicester West,Liz,Kendall,https://facebook.com/groups/238615108278
345,Manchester Gorton,Afzal,Khan,
346,Aberavon,Stephen,Kinnock,https://facebook.com/stephenkinnock
347,East Yorkshire,Greg,Knight,
348,Solihull,Julian,Knight,https://facebook.com/JulianKnightforSolihull
349,Burton,Kate,Kniveton,
350,Devizes,Danny,Kruger,
351,Spelthorne,Kwasi,Kwarteng,https://facebook.com/Kwasi-Kwarteng-4-Spelthorne-107861645918705
352,Hove,Peter,Kyle,https://facebook.com/hoveandportslade
353,Epping Forest,Eleanor,Laing,https://facebook.com/eleanor.laing.1
354,Ceredigion,Ben,Lake,
355,Tottenham,David,Lammy,https://facebook.com/DavidLammyTottenham
356,Berwickshire Roxburgh and Selkirk,John,Lamont,https://facebook.com/JohnLamontBorders
357,High Peak,Robert,Largan,
358,Mid Derbyshire,Pauline,Latham,https://facebook.com/pauline.latham.31
359,Wansbeck,Ian,Lavery,https://facebook.com/IanLaveryMP
360,Dundee West,Chris,Law,https://facebook.com/ChrisLawSNP
361,Batley and Spen,Kim,Leadbeater,
362,South Northamptonshire,Andrea,Leadsom,https://facebook.com/andrealeadsom
363,Gainsborough,Edward,Leigh,
364,Blyth Valley,Ian,Levy,
365,South Shields,Emma,Lewell-Buck,https://facebook.com/emma.lewellbuckmp
366,Northampton South,Andrew,Lewer,https://facebook.com/andrew4Northampton
367,Great Yarmouth,Brandon,Lewis,https://facebook.com/BrandonKennethLewis
368,Norwich South,Clive,Lewis,https://facebook.com/labourclivelewis
369,New Forest East,Julian,Lewis,
370,Bridgwater and West Somerset,Ian,Liddell-Grainger,https://facebook.com/ianliddellgrainger
371,Wakefield,Simon,Lightwood,
372,Glasgow East,David,Linden,https://facebook.com/DavidLindenMP
373,Rochdale,Tony,Lloyd,https://facebook.com/TonyLloydMP
374,Upper Bann,Carla,Lockhart,
375,West Dorset,Chris,Loder,
376,Bolton North East,Mark,Logan,
377,Salford and Eccles,Rebecca,Long-Bailey,https://facebook.com/Rebecca4salford
378,Dudley North,Marco,Longhi,
379,Hornchurch and Upminster,Julia,Lopez,
380,Filton and Bradley Stoke,Jack,Lopresti,https://facebook.com/jackloprestiofficial
381,Woking,Jonathan,Lord,
382,East Worthing and Shoreham,Tim,Loughton,https://facebook.com/TimLoughtonEWAS
383,Brighton Pavilion,Caroline,Lucas,https://facebook.com/carolinelucas.page
384,Halifax,Holly,Lynch,
385,East Lothian,Kenny,MacAskill,
386,South Thanet,Craig,Mackinlay,https://facebook.com/mackinlay4souththanet
387,Truro and Falmouth,Cherilyn,Mackrory,
388,Redditch,Rachel,Maclean,https://facebook.com/RedditchRachel
389,Na h-Eileanan an Iar,Angus,MacNeil,https://facebook.com/AngusBMacNeil
390,Ellesmere Port and Neston,Justin,Madders,https://facebook.com/justinmaddersforepn
391,Birmingham Perry Barr,Khalid,Mahmood,
392,Birmingham Ladywood,Shabana,Mahmood,
393,Havant,Alan,Mak,https://facebook.com/AlanMakHavant
394,Feltham and Heston,Seema,Malhotra,https://facebook.com/SeemaMalhotraMP
395,North West Hampshire,Kit,Malthouse,https://facebook.com/kit.malthouse
396,Totnes,Anthony,Mangnall,
397,North Cornwall,Scott,Mann,https://facebook.com/TherightMANNforNorthCornwall
398,Hertford and Stortford,Julie,Marson,
399,York Central,Rachael,Maskell,https://facebook.com/rachaelmaskell4york
400,Belfast West,Paul,Maskey,https://facebook.com/sfpaulmaskeymp
401,Maidenhead,Theresa,May,https://facebook.com/TheresaMayOfficial
402,Broadland,Jerome,Mayhew,
403,Blackpool North and Cleveleys,Paul,Maynard,https://facebook.com/paulmaynardBNC
404,Birmingham Selly Oak,Steve,McCabe,https://facebook.com/stevemccabemp
405,Bristol East,Kerry,McCarthy,https://facebook.com/kerry4mp
406,Colne Valley,Jason,McCartney,https://facebook.com/jasonmccartneymp
407,Lincoln,Karl,McCartney,https://facebook.com/LincolnConservatives
408,Mitcham and Morden,Siobhain,McDonagh,https://facebook.com/Siobhain-McDonagh-MP-1485922148331912
409,Middlesbrough,Andy,McDonald,https://facebook.com/AndyMcDonaldMP
410,Glasgow South,Stewart,McDonald,https://facebook.com/Stewart-McDonald-for-Glasgow-South-829281410428713
411,Cumbernauld Kilsyth and Kirkintilloch East,Stuart,McDonald,https://facebook.com/Stuart-McDonald-For-Cumbernauld-Kilsyth-Kirkintilloch-East-981195631909269
412,Hayes and Harlington,John,McDonnell,https://facebook.com/johnmcdonnellmp
413,Wolverhampton South East,Pat,McFadden,
414,St Helens North,Conor,McGinn,https://facebook.com/ConorMcGinnMP
415,Wirral South,Alison,McGovern,https://facebook.com/alisonmcgovernforwirralsouth
416,Newcastle upon Tyne North,Catherine,McKinnell,https://facebook.com/CatMcKinnell
417,Glasgow North East,Anne,McLaughlin,https://facebook.com/AnneMcLaughlinSNP
418,Oldham West and Royton,Jim,McMahon,
419,Cardiff North,Anna,McMorrin,https://facebook.com/AnnaMcMorrinMP
420,Falkirk,John,McNally,https://facebook.com/JohnMcNallySNP
421,Stevenage,Stephen,McPartland,https://facebook.com/StephenMcPartland
422,Tatton,Esther,McVey,
423,Gateshead,Ian,Mearns,
424,Fylde,Mark,Menzies,https://facebook.com/fyldeca
425,Plymouth Moor View,Johnny,Mercer,https://facebook.com/JohnnyForPlymouth
426,Bexhill and Battle,Huw,Merriman,https://facebook.com/Huw-Merriman-324862291035860
427,South Basildon and East Thurrock,Stephen,Metcalfe,https://facebook.com/StephenMetcalfe4SBET
428,Doncaster North,Ed,Miliband,https://facebook.com/edmiliband
429,Aberconwy,Robin,Millar,
430,Basingstoke,Maria,Miller,https://facebook.com/mariamilleruk
431,Cannock Chase,Amanda,Milling,https://facebook.com/amanda.milling
432,Amber Valley,Nigel,Mills,https://facebook.com/nigelmillsmp
433,Stockport,Navendu,Mishra,
434,Sutton Coldfield,Andrew,Mitchell,
435,South West Hertfordshire,Gagan,Mohindra,
436,Mid Ulster,Francie,Molloy,
437,Glasgow North West,Carol,Monaghan,https://facebook.com/CarolMonaghanSNP
438,Southport,Damien,Moore,https://facebook.com/damienmooremp
439,Keighley,Robbie,Moore,
440,Oxford West and Abingdon,Layla,Moran,https://facebook.com/LaylaMoranUK
441,Portsmouth North,Penny,Mordaunt,https://facebook.com/PortsmouthConservatives
442,Newport East,Jessica,Morden,https://facebook.com/JessicaMorden4NewportEast
443,North Shropshire,Helen,Morgan,
444,Portsmouth South,Stephen,Morgan,https://facebook.com/StephenMorganMP
445,Newton Abbot,Anne,Morris,https://facebook.com/annemarie.morris.NA
446,Morecambe and Lunesdale,David,Morris,https://facebook.com/davidmorrisml
447,Easington,Grahame,Morris,https://facebook.com/grahame.morris
448,Halesowen and Rowley Regis,James,Morris,https://facebook.com/JamesMorrisHRR
449,Beaconsfield,Joy,Morrissey,
450,Hartlepool,Jill,Mortimer,
451,Aldridge-Brownhills,Wendy,Morton,https://facebook.com/morton.wendy
452,Crewe and Nantwich,Kieran,Mullan,
453,Scunthorpe,Holly,Mumby-Croft,
454,Dumfriesshire Clydesdale and Tweeddale,David,Mundell,https://facebook.com/DavidMundellMP
455,Edinburgh South,Ian,Murray,https://facebook.com/IanMurrayMP
456,Ealing North,James,Murray,
457,South East Cornwall,Sheryll,Murray,https://facebook.com/sheryllmurrayuk
458,South West Wiltshire,Andrew,Murrison,https://facebook.com/andrew.murrison
459,Wigan,Lisa,Nandy,https://facebook.com/Lisa-Nandy-194243072092
460,Bromley and Chislehurst,Bob,Neill,
461,Paisley and Renfrewshire North,Gavin,Newlands,https://facebook.com/gavinnewlandsmp
462,Warrington North,Charlotte,Nichols,
463,Great Grimsby,Lia,Nici,
464,Ochil and South Perthshire,John,Nicolson,https://www.facebook.com/JohnNicolsonSNP/
465,Romsey and Southampton North,Caroline,Nokes,https://facebook.com/carolinenokes4RSN
466,Hereford and South Herefordshire,Jesse,Norman,https://facebook.com/jesse.norman.hereford
467,Nottingham North,Alex,Norris,
468,Harborough,Neil,O'Brien,https://facebook.com/neil4harborough
469,Argyll and Bute,Brendan,O'Hara,https://facebook.com/BrendanOHaraSNP
470,Hendon,Matthew,Offord,https://facebook.com/matthewofford4hendon
471,Richmond Park,Sarah,Olney,
472,Newcastle upon Tyne Central,Chi,Onwurah,
473,Hexham,Guy,Opperman,https://facebook.com/guyoppermanMP
474,Erith and Thamesmead,Abena,Oppong-Asare,
475,Edmonton,Kate,Osamor,https://facebook.com/KateOsamor
476,Jarrow,Kate,Osborne,
477,East Renfrewshire,Kirsten,Oswald,https://facebook.com/KirstenOswaldEastRenfrewshire
478,Coventry North West,Taiwo,Owatemi,
479,Luton North,Sarah,Owen,
480,North Antrim,Ian,Paisley Jnr,
481,Witham,Priti,Patel,
482,Rugby,Mark,Pawsey,https://facebook.com/Mark4Rugby
483,Barnsley East,Stephanie,Peacock,
484,Hemel Hempstead,Mike,Penning,https://facebook.com/Penning4Hemel
485,Greenwich and Woolwich,Matthew,Pennycook,
486,Weston-Super-Mare,John,Penrose,https://facebook.com/john.penrose.37
487,Brigg and Goole,Andrew,Percy,https://facebook.com/andrewpercy4mp
488,Chesterfield,Toby,Perkins,https://facebook.com/TobyPerkins4Chesterfield
489,Birmingham Yardley,Jess,Phillips,https://facebook.com/jessphillipsyardley
490,Houghton and Sunderland South,Bridget,Phillipson,https://facebook.com/bridgetphillipson
491,Croydon South,Chris,Philp,https://facebook.com/chris.philp.official
492,Tamworth,Christopher,Pincher,https://facebook.com/ChristopherPincher
493,Plymouth Sutton and Devonport,Luke,Pollard,https://facebook.com/LukePollard
494,Central Suffolk and North Ipswich,Daniel,Poulter,
495,Taunton Deane,Rebecca,Pow,https://facebook.com/RebeccaPow
496,Manchester Central,Lucy,Powell,https://facebook.com/lucy4mcr
497,Banbury,Victoria,Prentis,https://facebook.com/victoriaprentis
498,The Wrekin,Mark,Pritchard,
499,Corby,Tom,Pursglove,https://facebook.com/TomPursgloveOfficial
500,Airdrie and Shotts,Anum,Qaisar,
501,Horsham,Jeremy,Quin,https://facebook.com/JeremyQuinOfficial
502,Colchester,Will,Quince,https://facebook.com/willquincecolchester
503,Bolton South East,Yasmin,Qureshi,https://facebook.com/yasminqureshiuk
504,Esher and Walton,Dominic,Raab,
505,Gedling,Tom,Randall,
506,Ashton-under-Lyne,Angela,Rayner,https://facebook.com/Angela-Rayner
507,Wokingham,John,Redwood,https://facebook.com/john.redwood.official
508,Croydon North,Steve,Reed,https://facebook.com/stevereedmp
509,Neath,Christina,Rees,https://facebook.com/ChrisReesLabour
510,North East Somerset,Jacob,Rees-Mogg,https://facebook.com/JacobReesMogg
511,Lewisham West and Penge,Ellie,Reeves,
512,Leeds West,Rachel,Reeves,https://facebook.com/rachelreeves10
513,Stalybridge and Hyde,Jonathan,Reynolds,https://facebook.com/JonathanreynoldsMP
514,Streatham,Bell,Ribeiro-Addy,
515,West Bromwich East,Nicola,Richards,
516,Guildford,Angela,Richardson,
517,St Helens South and Whiston,Marie,Rimmer,https://facebook.com/MarieRimmer
518,Delyn,Rob,Roberts,
519,Tewkesbury,Laurence,Robertson,
520,Belfast East,Gavin,Robinson,https://facebook.com/GRobinsonDUP
521,Cheadle,Mary,Robinson,https://facebook.com/MaryRobinson01
522,Reading East,Matt,Rodda,
523,Romford,Andrew,Rosindell,https://facebook.com/AndrewRosindellofficial
524,Moray,Douglas,Ross,
525,North East Derbyshire,Lee,Rowley,
526,Watford,Dean,Russell,
527,Brighton Kemptown,Lloyd,Russell-Moyle,https://facebook.com/LloydRussellMoyle
528,Macclesfield,David,Rutley,https://facebook.com/david.rutley.1
529,Birmingham Northfield,Gary,Sambrook,
530,Dwyfor Meirionnydd,Liz,Saville-Roberts,https://facebook.com/LizSavilleRoberts
531,North Devon,Selaine,Saxby,
532,Sutton and Cheam,Paul,Scully,https://facebook.com/scullyforsutton
533,Isle of Wight,Bob,Seely,https://facebook.com/IoWBobSeely
534,South West Bedfordshire,Andrew,Selous,
535,Bradford West,Naseem,Shah,https://facebook.com/NazShahMP
536,Strangford,Jim,Shannon,https://facebook.com/Jim-Shannon-MP-477928115581090
537,Welwyn Hatfield,Grant,Shapps,https://facebook.com/grant.shapps
538,Reading West,Alok,Sharma,https://facebook.com/AlokSharmaRDG
539,Ealing Southall,Virendra,Sharma,https://facebook.com/virendrasharmamp
540,Huddersfield,Barry,Sheerman,https://facebook.com/Barry4Huddersfield
541,Elmet and Rothwell,Alec,Shelbrooke,https://facebook.com/alec.shelbrooke
542,Edinburgh East,Tommy,Sheppard,https://facebook.com/TommySheppardSNP
543,Hampstead and Kilburn,Tulip,Siddiq,https://facebook.com/tulipsiddiq
544,Ruislip Northwood and Pinner,David,Simmonds,
545,Kingswood,Chris,Skidmore,https://facebook.com/BSGTeaminAction
546,Hammersmith,Andrew,Slaughter,https://facebook.com/andy4hammersmith
547,Stirling,Alyn,Smith,
548,Lancaster and Fleetwood,Cat,Smith,https://facebook.com/catsmithmp
549,Norwich North,Chloe,Smith,https://facebook.com/Chloe-Smith-MP-1509476925970053
550,Buckingham,Greg,Smith,
551,Crawley,Henry,Smith,https://facebook.com/henrysmithmp
552,Manchester Withington,Jeff,Smith,https://facebook.com/jeffsmithforwithington
553,Skipton and Ripon,Julian,Smith,https://facebook.com/juliansmithofficial
554,Blaenau Gwent,Nick,Smith,https://facebook.com/NickSmithforBlaenauGwent
555,Southampton Itchen,Royston,Smith,https://facebook.com/roystonsmithsoton
556,Bristol South,Karin,Smyth,https://facebook.com/KarinSmythMP
557,Leeds North West,Alex,Sobel,
558,Derby North,Amanda,Solloway,https://facebook.com/Amanda-Solloway-Derby-North-120624774790466
559,Warley,John,Spellar,https://facebook.com/johnspellar
560,Runnymede and Weybridge,Ben,Spencer,
561,Sherwood,Mark,Spencer,https://facebook.com/MarkSpencerSherwood
562,Rother Valley,Alexander,Stafford,
563,Holborn and St Pancras,Keir,Starmer,https://facebook.com/KeirStarmerLabour
564,Glasgow South West,Chris,Stephens,https://facebook.com/ChrisStephensSNP
565,Pendle,Andrew,Stephenson,
566,Cardiff Central,Jo,Stevens,https://facebook.com/JoStevensLabour
567,Wolverhampton North East,Jane,Stevenson,
568,Carlisle,John,Stevenson,https://facebook.com/JohnStevensonCarlisle
569,Beckenham,Bob,Stewart,https://facebook.com/Bob-Stewart-1431412443820085
570,Milton Keynes South,Iain,Stewart,https://facebook.com/iain.stewartmp
571,Caithness Sutherland and Easter Ross,Jamie,Stone,
572,South West Devon,Gary,Streeter,
573,Ilford North,Wes,Streeting,
574,Central Devon,Mel,Stride,
575,Blackley and Broughton,Graham,Stringer,
576,Beverley and Holderness,Graham,Stuart,https://facebook.com/grahamstuartmp
577,York Outer,Julian,Sturdy,https://facebook.com/strongvoice.juliansturdy
578,Coventry South,Zarah,Sultana,
579,Richmond (Yorks),Rishi,Sunak,https://facebook.com/rishisunak
580,Bracknell,James,Sunderland,
581,New Forest West,Desmond,Swayne,https://facebook.com/Desmond.Swayne
582,Poole,Robert,Syms,
583,Alyn and Deeside,Mark,Tami,https://facebook.com/alynanddeesidelabourparty
584,Ilford South,Sam,Tarry,
585,Glasgow Central,Alison,Thewliss,https://facebook.com/AlisonThewlissSNP
586,St Ives,Derek,Thomas,https://facebook.com/derekthomas.org
587,Harrow West,Gareth,Thomas,https://facebook.com/GarethThomasMP
588,Torfaen,Nick,Thomas-Symonds,https://facebook.com/100009320769349
589,Midlothian,Owen,Thompson,https://facebook.com/owenthompsonsnp
590,Gordon,Richard,Thomson,
591,Islington South and Finsbury,Emily,Thornberry,https://facebook.com/Emily-Thornberry-142202379163151
592,Erewash,Maggie,Throup,https://facebook.com/MaggieThroup2015
593,East Ham,Stephen,Timms,https://facebook.com/stephenctimms
594,Eddisbury,Edward,Timpson,https://facebook.com/Edward4CreweAndNantwich
595,Rochester and Strood,Kelly,Tolhurst,https://facebook.com/rochesterandstroodkelly
596,North Swindon,Justin,Tomlinson,https://facebook.com/justintomlinsonofficial
597,Mid Dorset and North Poole,Michael,Tomlinson,https://facebook.com/michael4MDNP
598,North Warwickshire,Craig,Tracey,https://facebook.com/craig4nwarks
599,Berwick-upon-Tweed,Anne-Marie,Trevelyan,
600,Hemsworth,Jon,Trickett,https://facebook.com/jon.trickett
601,Sevenoaks,Laura,Trott,
602,South West Norfolk,Elizabeth,Truss,https://facebook.com/ElizabethTrussSWNorfolk
603,Tonbridge and Malling,Thomas,Tugendhat,https://facebook.com/thomas.tugendhat
604,Kingston upon Hull East,Karl,Turner,https://facebook.com/karlturner4easthull
605,Halton,Derek,Twigg,https://facebook.com/DerekTwiggMP
606,Blaydon,Liz,Twist,
607,North West Cambridgeshire,Shailesh,Vara,
608,Walsall South,Valerie,Vaz,https://facebook.com/ValerieVazMP
609,Cleethorpes,Martin,Vickers,https://facebook.com/MartinVickersMP
610,Stockton South,Matt,Vickers,
611,Chipping Barnet,Theresa,Villiers,https://facebook.com/theresavillierscb
612,Bury South,Christian,Wakeford,
613,Broxbourne,Charles,Walker,
614,Worcester,Robin,Walker,https://facebook.com/Walker4Worcester
615,Wyre and Preston North,Ben,Wallace,https://facebook.com/benwallaceWPN
616,Bridgend,Jamie,Wallis,
617,Somerton and Frome,David,Warburton,https://facebook.com/DavidWarburtonSomertonAndFrome
618,Boston and Skegness,Matt,Warman,https://facebook.com/WarmanforBostonSkegness
619,Clacton,Giles,Watling,
620,Stourbridge,Suzanne,Webb,
621,Leicester East,Claudia,Webbe,
622,Hornsey and Wood Green,Catherine,West,https://facebook.com/Catherine-West-for-Hornsey-Wood-Green-522395934483552
623,Stretford and Urmston,Andrew,Western,
624,Warwick and Leamington,Matt,Western,https://facebook.com/MattWesternMP
625,Faversham and Mid Kent,Helen,Whately,https://facebook.com/hwhately
626,South Derbyshire,Heather,Wheeler,https://facebook.com/heatherwheeler4southderbyshire
627,Southampton Test,Alan,Whitehead,https://facebook.com/alanwhiteheadmp
628,Central Ayrshire,Philippa,Whitford,https://facebook.com/Philippa.Whitford.political
629,Birkenhead,Mick,Whitley,
630,Calder Valley,Craig,Whittaker,https://facebook.com/whittaker4mp
631,Maldon,John,Whittingdale,https://facebook.com/johnwhittingdale4maldon
632,Nottingham East,Nadia,Whittome,
633,North Herefordshire,Bill,Wiggin,
634,North West Norfolk,James,Wild,
635,Montgomeryshire,Craig,Williams,
636,Arfon,Hywel,Williams,https://facebook.com/HywelWilliamsASMP
637,South Staffordshire,Gavin,Williamson,https://facebook.com/gavinforsouthstaffs
638,Twickenham,Munira,Wilson,
639,East Antrim,Sammy,Wilson,https://facebook.com/SammyWilsonMP
640,Cynon Valley,Beth,Winter,
641,Doncaster Central,Rosie,Winterton,https://facebook.com/DoncasterLabour
642,Perth and North Perthshire,Pete,Wishart,https://facebook.com/PeteWishartPerth
643,Dudley South,Mike,Wood,https://facebook.com/mike4dudleysouth
644,Hazel Grove,William,Wragg,
645,Kenilworth and Southam,Jeremy,Wright,https://facebook.com/jeremywright2015
646,Bedford,Mohammad,Yasin,
647,Redcar,Jacob,Young,
648,Stratford-on-Avon,Nadhim,Zahawi,https://facebook.com/NadhimZahawi
649,Cambridge,Daniel,Zeichner,https://facebook.com/Daniel-Zeichner-MP-373041482865096
=======
Constituency,Firstname,Lastname
Hackney North and Stoke Newington,Diane,Abbott
Oldham East and Saddleworth,Debbie,Abrahams
Selby and Ainsty,Nigel,Adams
Hitchin and Harpenden,Bim,Afolami
Windsor,Adam,Afriyie
Cities of London and Westminster,Nickie,Aiken
Waveney,Peter,Aldous
Bethnal Green and Bow,Rushanara,Ali
Birmingham Hall Green,Tahir,Ali
Telford,Lucy,Allan
Tooting,Rosena,Allin-Khan
Weaver Vale,Mike,Amesbury
Putney,Fleur,Anderson
Ashfield,Lee,Anderson
Wolverhampton South West,Stuart,Anderson
Pudsey,Stuart,Andrew
Eastbourne,Caroline,Ansell
Gower,Tonia,Antoniazzi
Charnwood,Edward,Argar
Leicester South,Jon,Ashworth
Wrexham,Sarah,Atherton
Louth and Horncastle,Victoria,Atkins
Orpington,Gareth,Bacon
South Norfolk,Richard,Bacon
Saffron Walden,Kemi,Badenoch
West Bromwich West,Shaun,Bailey
Stroud,Siobhan,Baillie
North Norfolk,Duncan,Baker
Wycombe,Steven,Baker
West Worcestershire,Harriett,Baldwin
North East Cambridgeshire,Steve,Barclay
Livingston,Hannah,Bardell
Liverpool Wavertree,Paula,Barker
Basildon and Billericay,John,Baron
Clwyd South,Simon,Baynes
Derby South,Margaret,Beckett
West Tyrone,Órfhlaith,Begley
Poplar and Limehouse,Apsana,Begum
Newcastle-under-Lyme,Aaron,Bell
Leeds Central,Hilary,Benn
Blackpool South,Scott,Benton
Mole Valley,Paul,Beresford
Rossendale and Darwen,Jake,Berry
Sheffield South East,Clive,Betts
Meriden,Saqib,Bhatti
Paisley and Renfrewshire South,Mhairi,Black
Ross Skye and Lochaber,Ian,Blackford
Harrow East,Bob,Blackman
Aberdeen North,Kirsty,Blackman
Sheffield Hallam,Olivia,Blake
Sheffield Central,Paul,Blomfield
Reigate,Crispin,Blunt
Wellingborough,Peter,Bone
Coatbridge Chryston and Bellshill,Steven,Bonnar
Worthing West,Peter,Bottomley
West Aberdeenshire and Kincardine,Andrew,Bowie
Mansfield,Ben,Bradley
Staffordshire Moorlands,Karen,Bradley
Exeter,Ben,Bradshaw
Altrincham and Sale West,Graham,Brady
Newry and Armagh,Mickey,Brady
Fareham,Suella,Braverman
Cardiff West,Kevin,Brennan
Stoke-on-Trent South,Jack,Brereton
North West Leicestershire,Andrew,Bridgen
Winchester,Steve,Brine
Peterborough,Paul,Bristow
Hyndburn,Sara,Britcliffe
Edinburgh North and Leith,Deidre,Brock
Kilmarnock and Loudoun,Alan,Brown
West Ham,Lyn,Brown
Newcastle upon Tyne East,Nick,Brown
South Cambridgeshire,Anthony,Browne
Congleton,Fiona,Bruce
Rhondda,Chris,Bryant
Kensington,Felicity,Buchan
Westminster North,Karen,Buck
South Swindon,Robert,Buckland
Brentwood and Ongar,Alex,Burghart
Leeds East,Richard,Burgon
Bournemouth West,Conor,Burns
Brent Central,Dawn,Butler
Aylesbury,Rob,Butler
Liverpool West Derby,Ian,Byrne
Birmingham Hodge Hill,Liam,Byrne
Brentford and Isleworth,Ruth,Cadbury
Vale of Glamorgan,Alun,Cairns
East Dunbartonshire,Amy,Callaghan
East Kilbride Strathaven and Lesmahagow,Lisa,Cameron
Tynemouth,Alan,Campbell
East Londonderry,Gregory,Campbell
Liverpool Walton,Dan,Carden
Orkney and Shetland,Alistair,Carmichael
Warrington South,Andy,Carter
South Suffolk,James,Cartlidge
Stone,Bill,Cash
Penistone and Stocksbridge,Miriam,Cates
Lewes,Maria,Caulfield
Cheltenham,Alex,Chalk
North East Fife,Wendy,Chamberlain
Rotherham,Sarah,Champion
Dunfermline and West Fife,Douglas,Chapman
Enfield Southgate,Bambos,Charalambous
Edinburgh South West,Joanna,Cherry
Gillingham and Rainham,Rehman,Chishti
Christchurch,Christopher,Chope
Bury St Edmunds,Jo,Churchill
Enfield North,Feryal,Clark
Tunbridge Wells,Greg,Clark
Middlesbrough South and East Cleveland,Simon,Clarke
Stafford,Theo,Clarke
Bassetlaw,Brendan,Clarke-Smith
Heywood and Middleton,Chris,Clarkson
Braintree,James,Cleverly
The Cotswolds,Geoffrey,Clifton-Brown
Suffolk Coastal,Therese,Coffey
Carshalton and Wallington,Elliot,Colburn
Folkestone and Hythe,Damian,Collins
St Albans,Daisy,Cooper
Normanton Pontefract and Castleford,Yvette,Cooper
Islington North,Jeremy,Corbyn
South Leicestershire,Alberto,Costa
Witney,Robert,Courts
East Surrey,Claire,Coutinho
Inverclyde,Ronnie,Cowan
Torridge and West Devon,Geoffrey,Cox
Bermondsey and Old Southwark,Neil,Coyle
Preseli Pembrokeshire,Stephen,Crabb
Lanark and Hamilton East,Angela,Crawley
Walthamstow,Stella,Creasy
Ynys Môn,Virginia,Crosbie
Chatham and Aylesford,Tracey,Crouch
Dagenham and Rainham,Jon,Cruddas
Leyton and Wanstead,John,Cryer
Bradford South,Judith,Cummins
Stockton North,Alex,Cunningham
Lewisham East,Janet,Daby
West Lancashire,Ashley,Dalton
Bury North,James,Daly
Kingston and Surbiton,Edward,Davey
Caerphilly,Wayne,David
Monmouth,David,Davies
Grantham and Stamford,Gareth,Davies
Swansea West,Geraint,Davies
Vale of Clwyd,James,Davies
Mid Sussex,Mims,Davies
Shipley,Philip,Davies
Pontypridd,Alex,Davies-Jones
Haltemprice and Howden,David,Davis
Bishop Auckland,Dehenna,Davison
Linlithgow and East Falkirk,Martyn,Day
Battersea,Marsha,de Cordova
Bristol West,Thangam,Debbonaire
Slough,Tan,Dhesi
Gosport,Caroline,Dinenage
Derbyshire Dales,Sarah,Dines
City of Chester,Samantha,Dixon
Huntingdon,Jonathan,Djanogly
Aldershot,Leo,Docherty
West Dunbartonshire,Martin,Docherty
Oxford East,Anneliese,Dodds
Lagan Valley,Jeffrey,Donaldson
Chippenham,Michelle,Donelan
Angus,Dave,Doogan
Ayr Carrick and Cumnock,Allan,Dorans
Mid Bedfordshire,Nadine,Dorries
St Austell and Newquay,Steve,Double
Cardiff South and Penarth,Stephen,Doughty
Bootle,Peter,Dowd
Hertsmere,Oliver,Dowden
Thurrock,Jackie,Doyle-Price
South Dorset,Richard,Drax
Meon Valley,Flick,Drummond
Rochford and Southend East,James,Duddridge
Canterbury,Rosie,Duffield
Banff and Buchan,David,Duguid
Chingford and Woodford Green,Iain,Duncan Smith
Ludlow,Philip,Dunne
Wallasey,Angela,Eagle
Garston and Halewood,Maria,Eagle
Foyle,Colum,Eastwood
Dewsbury,Mark,Eastwood
Carmarthen East and Dinefwr,Jonathan,Edwards
Rushcliffe,Ruth,Edwards
Eltham,Clive,Efford
Sunderland Central,Julie,Elliott
Northampton North,Michael,Ellis
Bournemouth East,Tobias,Ellwood
Ogmore,Chris,Elmore
Dover,Natalie,Elphicke
Vauxhall,Florence,Eshalomi
Sefton Central,Bill,Esterson
Camborne and Redruth,George,Eustice
Islwyn,Chris,Evans
Bosworth,Luke,Evans
Ribble Valley,Nigel,Evans
Bexleyheath and Crayford,David,Evennett
Milton Keynes North,Ben,Everitt
Lichfield,Michael,Fabricant
Newbury,Laura,Farris
Westmorland and Lonsdale,Tim,Farron
North Down,Stephen,Farry
Barrow and Furness,Simon,Fell
Motherwell and Wishaw,Marion,Fellows
Rutherglen and Hamilton West,Margaret,Ferrier
Belfast North,John,Finucane
Southend West,Anna,Firth
Coventry North East,Colleen,Fletcher
South Ribble,Katherine,Fletcher
Bolsover,Mark,Fletcher
Don Valley,Nicholas,Fletcher
Aberdeen South,Stephen,Flynn
Tiverton and Honiton,Richard,Foord
Chelmsford,Vicky,Ford
Torbay,Kevin,Foster
Makerfield,Yvonne,Fovargue
North Somerset,Liam,Fox
Lewisham Deptford,Vicky,Foxcroft
City of Durham,Mary,Foy
Rayleigh and Wickford,Mark,Francois
South East Cambridgeshire,Lucy,Frazer
Mid Norfolk,George,Freeman
Finchley and Golders Green,Mike,Freer
Old Bexley and Sidcup,Louie,French
North East Bedfordshire,Richard,Fuller
Sheffield Brightside and Hillsborough,Gill,Furniss
Yeovil,Marcus,Fysh
North Thanet,Roger,Gale
Brent North,Barry,Gardiner
Wyre Forest,Mark,Garnier
Wealden,Nusrat,Ghani
Bognor Regis and Littlehampton,Nick,Gibb
North Ayrshire and Arran,Patricia,Gibson
Darlington,Peter,Gibson
Stoke-on-Trent Central,Jo,Gideon
Fermanagh and South Tyrone,Michelle,Gildernew
Birmingham Edgbaston,Preet,Gill
South Antrim,Paul,Girvan
Salisbury,John,Glen
North Tyneside,Mary,Glindon
Scarborough and Whitby,Robert,Goodwill
Surrey Heath,Michael,Gove
Glasgow North,Patrick,Grady
Gloucester,Richard,Graham
Maidstone and The Weald,Helen,Grant
Glenrothes,Peter,Grant
North Wiltshire,James,Gray
Epsom and Ewell,Chris,Grayling
Bolton West,Chris,Green
Ashford,Damian,Green
Chesham and Amersham,Sarah,Green
Nottingham South,Lilian,Greenwood
Wirral West,Margaret,Greenwood
Arundel and South Downs,Andrew,Griffith
Llanelli,Nia,Griffith
Leigh,James,Grundy
Stoke-on-Trent North,Jonathan,Gullis
Denton and Reddish,Andrew,Gwynne
Sheffield Heeley,Louise,Haigh
Harlow,Robert,Halfon
Thornbury and Yate,Luke,Hall
Leeds North East,Fabian,Hamilton
Birmingham Erdington,Paulette,Hamilton
Wimbledon,Stephen,Hammond
West Suffolk,Matthew,Hancock
Chelsea and Fulham,Greg,Hands
Belfast South,Claire,Hanna
Kirkcaldy and Cowdenbeath,Neale,Hanvey
Kingston upon Hull West and Hessle,Emma,Hardy
Camberwell and Peckham,Harriet,Harman
Forest of Dean,Mark,Harper
Swansea East,Carolyn,Harris
Castle Point,Rebecca,Harris
Copeland,Trudy,Harrison
Hastings and Rye,Sally-Ann,Hart
Carmarthen West and South Pembrokeshire,Simon,Hart
Dulwich and West Norwood,Helen,Hayes
South Holland and The Deepings,John,Hayes
South Down,Christopher,Hazzard
North East Hertfordshire,Oliver,Heald
Wentworth and Dearne,John,Healey
Wells,James,Heappey
Daventry,Chris,Heaton-Harris
Sittingbourne and Sheppey,Gordon,Henderson
Preston,Mark,Hendrick
Inverness Nairn Badenoch and Strathspey,Drew,Hendry
Broxtowe,Darren,Henry
Burnley,Antony,Higginbotham
Hackney South and Shoreditch,Meg,Hillier
East Hampshire,Damian,Hinds
North Dorset,Simon,Hoare
Bath,Wera,Hobhouse
Barking,Margaret,Hodge
Washington and Sunderland West,Sharon,Hodgson
North West Durham,Richard,Holden
Blackburn,Kate,Hollern
Thirsk and Malton,Kevin,Hollinrake
Kettering,Philip,Hollobone
Gravesham,Adam,Holloway
Eastleigh,Paul,Holmes
Luton South,Rachel,Hopkins
Dundee East,Stewart,Hosie
Knowsley,George,Howarth
Henley,John,Howell
Sedgefield,Paul,Howell
Chorley,Lindsay,Hoyle
Mid Worcestershire,Nigel,Huddleston
Penrith and The Border,Neil,Hudson
Walsall North,Eddie,Hughes
Loughborough,Jane,Hunt
South West Surrey,Jeremy,Hunt
Ipswich,Tom,Hunt
Ealing Central and Acton,Rupa,Huq
Bradford East,Imran,Hussain
Dumfries and Galloway,Alister,Jack
Edinburgh West,Christine,Jardine
Barnsley Central,Dan,Jarvis
Bromsgrove,Sajid,Javid
North East Hampshire,Ranil,Jayawardena
Harwich and North Essex,Bernard,Jenkin
Workington,Mark,Jenkinson
Morley and Outwood,Andrea,Jenkyns
Newark,Robert,Jenrick
Uxbridge and South Ruislip,Boris,Johnson
Sleaford and North Hykeham,Caroline,Johnson
Kingston upon Hull North,Diana,Johnson
Dartford,Gareth,Johnson
Liverpool Riverside,Kim,Johnson
Wantage,David,Johnston
Harrogate and Knaresborough,Andrew,Jones
Bristol North West,Darren,Jones
Clwyd West,David,Jones
Brecon and Radnorshire,Fay,Jones
Merthyr Tydfil and Rhymney,Gerald,Jones
North Durham,Kevan,Jones
Nuneaton,Marcus,Jones
Newport West,Ruth,Jones
Croydon Central,Sarah,Jones
East Devon,Simon,Jupp
Wythenshawe and Sale East,Mike,Kane
Shrewsbury and Atcham,Daniel,Kawczynski
Rutland and Melton,Alicia,Kearns
Chichester,Gillian,Keegan
Worsley and Eccles South,Barbara,Keeley
Leicester West,Liz,Kendall
Manchester Gorton,Afzal,Khan
Aberavon,Stephen,Kinnock
East Yorkshire,Greg,Knight
Solihull,Julian,Knight
Burton,Kate,Kniveton
Devizes,Danny,Kruger
Spelthorne,Kwasi,Kwarteng
Hove,Peter,Kyle
Epping Forest,Eleanor,Laing
Ceredigion,Ben,Lake
Tottenham,David,Lammy
Berwickshire Roxburgh and Selkirk,John,Lamont
High Peak,Robert,Largan
Mid Derbyshire,Pauline,Latham
Wansbeck,Ian,Lavery
Dundee West,Chris,Law
Batley and Spen,Kim,Leadbeater
South Northamptonshire,Andrea,Leadsom
Gainsborough,Edward,Leigh
Blyth Valley,Ian,Levy
South Shields,Emma,Lewell-Buck
Northampton South,Andrew,Lewer
Great Yarmouth,Brandon,Lewis
Norwich South,Clive,Lewis
New Forest East,Julian,Lewis
Bridgwater and West Somerset,Ian,Liddell-Grainger
Wakefield,Simon,Lightwood
Glasgow East,David,Linden
Rochdale,Tony,Lloyd
Upper Bann,Carla,Lockhart
West Dorset,Chris,Loder
Bolton North East,Mark,Logan
Salford and Eccles,Rebecca,Long-Bailey
Dudley North,Marco,Longhi
Hornchurch and Upminster,Julia,Lopez
Filton and Bradley Stoke,Jack,Lopresti
Woking,Jonathan,Lord
East Worthing and Shoreham,Tim,Loughton
Brighton Pavilion,Caroline,Lucas
Halifax,Holly,Lynch
East Lothian,Kenny,MacAskill
South Thanet,Craig,Mackinlay
Truro and Falmouth,Cherilyn,Mackrory
Redditch,Rachel,Maclean
Na h-Eileanan an Iar,Angus,MacNeil
Ellesmere Port and Neston,Justin,Madders
Birmingham Perry Barr,Khalid,Mahmood
Birmingham Ladywood,Shabana,Mahmood
Havant,Alan,Mak
Feltham and Heston,Seema,Malhotra
North West Hampshire,Kit,Malthouse
Totnes,Anthony,Mangnall
North Cornwall,Scott,Mann
Hertford and Stortford,Julie,Marson
York Central,Rachael,Maskell
Belfast West,Paul,Maskey
Maidenhead,Theresa,May
Broadland,Jerome,Mayhew
Blackpool North and Cleveleys,Paul,Maynard
Birmingham Selly Oak,Steve,McCabe
Bristol East,Kerry,McCarthy
Colne Valley,Jason,McCartney
Lincoln,Karl,McCartney
Mitcham and Morden,Siobhain,McDonagh
Middlesbrough,Andy,McDonald
Glasgow South,Stewart,McDonald
Cumbernauld Kilsyth and Kirkintilloch East,Stuart,McDonald
Hayes and Harlington,John,McDonnell
Wolverhampton South East,Pat,McFadden
St Helens North,Conor,McGinn
Wirral South,Alison,McGovern
Newcastle upon Tyne North,Catherine,McKinnell
Glasgow North East,Anne,McLaughlin
Oldham West and Royton,Jim,McMahon
Cardiff North,Anna,McMorrin
Falkirk,John,McNally
Stevenage,Stephen,McPartland
Tatton,Esther,McVey
Gateshead,Ian,Mearns
Fylde,Mark,Menzies
Plymouth Moor View,Johnny,Mercer
Bexhill and Battle,Huw,Merriman
South Basildon and East Thurrock,Stephen,Metcalfe
Doncaster North,Ed,Miliband
Aberconwy,Robin,Millar
Basingstoke,Maria,Miller
Cannock Chase,Amanda,Milling
Amber Valley,Nigel,Mills
Stockport,Navendu,Mishra
Sutton Coldfield,Andrew,Mitchell
South West Hertfordshire,Gagan,Mohindra
Mid Ulster,Francie,Molloy
Glasgow North West,Carol,Monaghan
Southport,Damien,Moore
Keighley,Robbie,Moore
Oxford West and Abingdon,Layla,Moran
Portsmouth North,Penny,Mordaunt
Newport East,Jessica,Morden
North Shropshire,Helen,Morgan
Portsmouth South,Stephen,Morgan
Newton Abbot,Anne,Morris
Morecambe and Lunesdale,David,Morris
Easington,Grahame,Morris
Halesowen and Rowley Regis,James,Morris
Beaconsfield,Joy,Morrissey
Hartlepool,Jill,Mortimer
Aldridge-Brownhills,Wendy,Morton
Crewe and Nantwich,Kieran,Mullan
Scunthorpe,Holly,Mumby-Croft
Dumfriesshire Clydesdale and Tweeddale,David,Mundell
Edinburgh South,Ian,Murray
Ealing North,James,Murray
South East Cornwall,Sheryll,Murray
South West Wiltshire,Andrew,Murrison
Wigan,Lisa,Nandy
Bromley and Chislehurst,Bob,Neill
Paisley and Renfrewshire North,Gavin,Newlands
Warrington North,Charlotte,Nichols
Great Grimsby,Lia,Nici
Ochil and South Perthshire,John,Nicolson
Romsey and Southampton North,Caroline,Nokes
Hereford and South Herefordshire,Jesse,Norman
Nottingham North,Alex,Norris
Harborough,Neil,O'Brien
Argyll and Bute,Brendan,O'Hara
Hendon,Matthew,Offord
Richmond Park,Sarah,Olney
Newcastle upon Tyne Central,Chi,Onwurah
Hexham,Guy,Opperman
Erith and Thamesmead,Abena,Oppong-Asare
Edmonton,Kate,Osamor
Jarrow,Kate,Osborne
East Renfrewshire,Kirsten,Oswald
Coventry North West,Taiwo,Owatemi
Luton North,Sarah,Owen
North Antrim,Ian,Paisley Jnr
Witham,Priti,Patel
Rugby,Mark,Pawsey
Barnsley East,Stephanie,Peacock
Hemel Hempstead,Mike,Penning
Greenwich and Woolwich,Matthew,Pennycook
Weston-Super-Mare,John,Penrose
Brigg and Goole,Andrew,Percy
Chesterfield,Toby,Perkins
Birmingham Yardley,Jess,Phillips
Houghton and Sunderland South,Bridget,Phillipson
Croydon South,Chris,Philp
Tamworth,Christopher,Pincher
Plymouth Sutton and Devonport,Luke,Pollard
Central Suffolk and North Ipswich,Daniel,Poulter
Taunton Deane,Rebecca,Pow
Manchester Central,Lucy,Powell
Banbury,Victoria,Prentis
The Wrekin,Mark,Pritchard
Corby,Tom,Pursglove
Airdrie and Shotts,Anum,Qaisar
Horsham,Jeremy,Quin
Colchester,Will,Quince
Bolton South East,Yasmin,Qureshi
Esher and Walton,Dominic,Raab
Gedling,Tom,Randall
Ashton-under-Lyne,Angela,Rayner
Wokingham,John,Redwood
Croydon North,Steve,Reed
Neath,Christina,Rees
North East Somerset,Jacob,Rees-Mogg
Lewisham West and Penge,Ellie,Reeves
Leeds West,Rachel,Reeves
Stalybridge and Hyde,Jonathan,Reynolds
Streatham,Bell,Ribeiro-Addy
West Bromwich East,Nicola,Richards
Guildford,Angela,Richardson
St Helens South and Whiston,Marie,Rimmer
Delyn,Rob,Roberts
Tewkesbury,Laurence,Robertson
Belfast East,Gavin,Robinson
Cheadle,Mary,Robinson
Reading East,Matt,Rodda
Romford,Andrew,Rosindell
Moray,Douglas,Ross
North East Derbyshire,Lee,Rowley
Watford,Dean,Russell
Brighton Kemptown,Lloyd,Russell-Moyle
Macclesfield,David,Rutley
Birmingham Northfield,Gary,Sambrook
Dwyfor Meirionnydd,Liz,Saville-Roberts
North Devon,Selaine,Saxby
Sutton and Cheam,Paul,Scully
Isle of Wight,Bob,Seely
South West Bedfordshire,Andrew,Selous
Bradford West,Naseem,Shah
Strangford,Jim,Shannon
Welwyn Hatfield,Grant,Shapps
Reading West,Alok,Sharma
Ealing Southall,Virendra,Sharma
Huddersfield,Barry,Sheerman
Elmet and Rothwell,Alec,Shelbrooke
Edinburgh East,Tommy,Sheppard
Hampstead and Kilburn,Tulip,Siddiq
Ruislip Northwood and Pinner,David,Simmonds
Kingswood,Chris,Skidmore
Hammersmith,Andrew,Slaughter
Stirling,Alyn,Smith
Lancaster and Fleetwood,Cat,Smith
Norwich North,Chloe,Smith
Buckingham,Greg,Smith
Crawley,Henry,Smith
Manchester Withington,Jeff,Smith
Skipton and Ripon,Julian,Smith
Blaenau Gwent,Nick,Smith
Southampton Itchen,Royston,Smith
Bristol South,Karin,Smyth
Leeds North West,Alex,Sobel
Derby North,Amanda,Solloway
Warley,John,Spellar
Runnymede and Weybridge,Ben,Spencer
Sherwood,Mark,Spencer
Rother Valley,Alexander,Stafford
Holborn and St Pancras,Keir,Starmer
Glasgow South West,Chris,Stephens
Pendle,Andrew,Stephenson
Cardiff Central,Jo,Stevens
Wolverhampton North East,Jane,Stevenson
Carlisle,John,Stevenson
Beckenham,Bob,Stewart
Milton Keynes South,Iain,Stewart
Caithness Sutherland and Easter Ross,Jamie,Stone
South West Devon,Gary,Streeter
Ilford North,Wes,Streeting
Central Devon,Mel,Stride
Blackley and Broughton,Graham,Stringer
Beverley and Holderness,Graham,Stuart
York Outer,Julian,Sturdy
Coventry South,Zarah,Sultana
Richmond (Yorks),Rishi,Sunak
Bracknell,James,Sunderland
New Forest West,Desmond,Swayne
Poole,Robert,Syms
Alyn and Deeside,Mark,Tami
Ilford South,Sam,Tarry
Glasgow Central,Alison,Thewliss
St Ives,Derek,Thomas
Harrow West,Gareth,Thomas
Torfaen,Nick,Thomas-Symonds
Midlothian,Owen,Thompson
Gordon,Richard,Thomson
Islington South and Finsbury,Emily,Thornberry
Erewash,Maggie,Throup
East Ham,Stephen,Timms
Eddisbury,Edward,Timpson
Rochester and Strood,Kelly,Tolhurst
North Swindon,Justin,Tomlinson
Mid Dorset and North Poole,Michael,Tomlinson
North Warwickshire,Craig,Tracey
Berwick-upon-Tweed,Anne-Marie,Trevelyan
Hemsworth,Jon,Trickett
Sevenoaks,Laura,Trott
South West Norfolk,Elizabeth,Truss
Tonbridge and Malling,Thomas,Tugendhat
Kingston upon Hull East,Karl,Turner
Halton,Derek,Twigg
Blaydon,Liz,Twist
North West Cambridgeshire,Shailesh,Vara
Walsall South,Valerie,Vaz
Cleethorpes,Martin,Vickers
Stockton South,Matt,Vickers
Chipping Barnet,Theresa,Villiers
Bury South,Christian,Wakeford
Broxbourne,Charles,Walker
Worcester,Robin,Walker
Wyre and Preston North,Ben,Wallace
Bridgend,Jamie,Wallis
Somerton and Frome,David,Warburton
Boston and Skegness,Matt,Warman
Clacton,Giles,Watling
Stourbridge,Suzanne,Webb
Leicester East,Claudia,Webbe
Hornsey and Wood Green,Catherine,West
Stretford and Urmston,Andrew,Western
Warwick and Leamington,Matt,Western
Faversham and Mid Kent,Helen,Whately
South Derbyshire,Heather,Wheeler
Southampton Test,Alan,Whitehead
Central Ayrshire,Philippa,Whitford
Birkenhead,Mick,Whitley
Calder Valley,Craig,Whittaker
Maldon,John,Whittingdale
Nottingham East,Nadia,Whittome
North Herefordshire,Bill,Wiggin
North West Norfolk,James,Wild
Montgomeryshire,Craig,Williams
Arfon,Hywel,Williams
South Staffordshire,Gavin,Williamson
Twickenham,Munira,Wilson
East Antrim,Sammy,Wilson
Cynon Valley,Beth,Winter
Doncaster Central,Rosie,Winterton
Perth and North Perthshire,Pete,Wishart
Dudley South,Mike,Wood
Hazel Grove,William,Wragg
Kenilworth and Southam,Jeremy,Wright
Bedford,Mohammad,Yasin
Redcar,Jacob,Young
Stratford-on-Avon,Nadhim,Zahawi
Cambridge,Daniel,Zeichner
>>>>>>> main
